,I1,I2Q1,I2F1Q1,I2F1Q2,I3F1Q2,I3F1Q1,I3F2Q1,I3F2Q2,I3F3Q1,I3F3Q2,I3F3Q3,I3F3Q4,I3F3Q5,I3F3Q6,I3F4Q1,I3F5Q1,I3F6Q1,I3F6Q2,I3F6F1Q1,I3F6F1Q2,I4Q1,I4Q2,I4Q3,I5F1Q1,I5F1Q2,I5F1Q3,I5Q1,I5F2Q3,I5F2Q2,I5F2Q1,I5F3Q1,I5F3Q2,I5F4Q1,I5F4Q2,I5Q2,violation
0,1,1,0,1,1,0,0,0,0,1,1,0,1,0,1,0,0,1,1,1,1,0,0,1,0,0,0,0,0,0,1,1,1,1,0,False
1,1,1,0,0,1,0,1,1,1,0,0,0,0,0,0,0,1,0,0,1,1,0,0,1,1,1,0,0,0,0,1,0,0,0,1,False
2,1,1,0,0,0,1,0,0,0,0,0,1,0,1,0,1,1,1,0,1,1,1,0,0,0,0,1,0,0,1,0,0,0,0,1,False
3,1,1,0,0,0,1,0,0,0,0,1,0,0,0,0,0,0,0,1,0,0,1,0,1,0,1,1,0,1,1,0,1,1,0,1,False
4,1,0,1,0,0,1,0,0,0,0,0,0,1,1,1,0,0,0,1,1,0,1,1,0,1,1,0,1,0,1,0,1,1,1,1,False
5,1,1,1,1,1,1,1,1,1,0,0,1,1,1,0,1,0,1,0,0,0,1,0,1,1,0,0,1,1,0,0,0,1,1,0,False
6,1,0,1,1,1,0,1,1,0,1,1,0,0,0,0,1,1,0,0,0,0,1,0,0,1,0,0,1,1,1,1,1,0,1,0,False
7,1,1,1,0,0,0,0,0,1,0,1,1,1,0,0,1,1,1,1,0,0,0,0,1,0,1,1,1,1,0,0,0,0,0,0,False
8,1,1,1,1,0,1,1,1,1,0,1,0,1,1,1,0,1,1,1,0,0,1,0,1,1,1,1,1,1,0,0,1,1,0,0,False
9,1,1,1,1,1,0,1,1,1,0,0,0,1,1,1,0,0,0,1,0,1,0,1,1,1,0,1,1,1,1,1,1,1,0,1,False
10,1,0,1,1,1,0,0,0,0,1,0,1,0,0,0,0,1,1,0,1,0,0,1,0,1,0,0,0,1,1,1,1,0,1,1,False
11,1,0,0,1,0,0,1,0,1,0,0,0,1,1,1,1,1,0,0,1,0,0,0,1,1,0,1,1,0,0,1,0,1,0,1,False
12,1,0,1,0,0,0,0,1,0,0,1,1,1,1,1,0,1,0,0,1,0,0,1,1,0,0,0,0,0,1,0,1,1,1,1,False
13,1,1,1,0,0,1,0,0,0,0,1,0,1,0,1,1,1,1,0,0,1,0,0,0,0,0,1,0,0,1,1,1,1,0,0,False
14,1,1,1,1,0,0,1,1,1,1,0,0,1,0,0,1,1,1,0,0,1,1,1,0,0,1,1,0,0,0,1,1,1,0,1,False
15,1,1,1,1,0,0,1,0,0,0,0,0,1,1,0,1,1,0,1,1,1,0,0,0,0,1,1,1,1,0,1,1,0,1,0,False
16,1,1,0,1,0,1,1,0,1,1,0,0,0,1,1,0,1,0,0,1,0,1,0,0,0,0,0,1,1,1,1,0,0,0,0,False
17,1,1,1,1,0,0,0,1,0,1,0,0,0,0,0,1,0,0,1,1,1,0,0,0,1,0,0,0,1,0,0,0,0,1,0,False
18,1,1,1,1,0,0,0,1,1,1,0,0,1,0,0,1,0,1,1,1,0,0,0,0,1,1,1,1,0,0,1,0,0,1,1,False
19,1,0,0,1,0,1,1,0,1,1,0,0,0,1,1,1,0,0,0,1,1,1,0,0,0,1,0,0,1,1,1,0,1,1,0,False
20,1,0,0,0,0,1,0,0,1,1,0,0,1,0,0,0,1,1,0,1,0,1,1,0,0,0,1,0,0,1,1,0,0,1,1,False
21,1,1,1,0,0,1,1,0,0,1,1,0,0,0,0,1,0,0,1,0,0,1,0,0,1,0,0,1,1,0,0,0,0,0,0,False
22,1,1,0,1,0,0,1,1,1,0,1,0,0,1,0,1,0,0,0,1,1,1,1,1,1,1,0,0,1,0,1,1,0,0,0,False
23,1,1,1,1,0,0,1,0,1,0,1,1,1,1,1,0,0,0,0,1,1,1,1,0,1,0,0,0,1,0,1,0,1,0,1,False
24,1,1,0,1,0,0,0,0,0,1,0,0,0,0,0,1,1,0,1,1,0,1,0,0,0,0,1,1,0,0,1,0,1,1,0,False
25,1,1,1,1,1,0,1,0,1,0,1,1,1,1,1,1,1,0,0,1,1,1,1,0,1,1,1,0,1,0,1,0,0,1,1,False
26,1,1,1,0,0,0,1,1,0,0,0,1,1,0,0,0,1,0,1,1,1,1,0,1,0,0,1,1,1,1,0,1,0,1,0,False
27,1,0,0,1,1,0,0,0,0,1,0,1,1,0,0,0,0,0,0,1,0,1,1,0,1,0,0,0,0,0,1,1,0,1,1,False
28,1,1,1,0,1,1,1,1,1,0,1,1,1,0,0,1,0,0,0,0,0,1,1,0,1,1,1,1,1,0,1,1,1,0,1,False
29,1,1,0,1,1,1,1,0,0,0,1,1,0,1,0,0,1,0,1,0,1,0,0,1,0,0,0,1,1,1,0,1,0,1,1,False
30,1,1,1,1,0,1,0,1,1,0,1,0,1,0,0,1,0,0,1,1,0,0,0,0,1,0,1,0,1,0,0,1,1,1,0,False
31,1,1,1,1,1,0,0,0,0,1,0,0,1,0,1,1,0,0,0,0,0,0,1,1,1,0,0,1,1,0,1,0,0,1,0,False
32,1,1,1,1,1,1,1,1,1,0,0,1,1,1,0,0,1,1,0,1,1,0,1,1,1,1,0,1,1,1,0,0,1,1,1,False
33,1,0,0,1,1,0,1,1,1,1,0,0,1,1,0,0,0,1,0,0,0,1,0,1,1,0,1,1,0,1,0,1,1,1,1,False
34,1,1,1,0,1,1,1,0,1,0,0,1,1,0,0,1,1,1,0,0,0,0,0,0,1,1,0,0,1,0,0,0,1,1,0,False
35,1,1,1,1,1,0,0,1,1,1,0,0,1,0,1,1,0,1,0,1,1,1,0,0,0,1,0,0,0,1,0,0,1,0,1,False
36,1,1,1,1,1,0,1,1,1,0,0,0,0,0,0,1,0,1,1,0,0,0,1,0,1,1,0,0,0,1,0,0,0,1,1,False
37,1,1,1,0,0,1,1,0,0,1,0,1,0,1,1,0,0,0,1,0,0,0,1,0,1,1,1,1,0,0,0,0,1,0,0,False
38,1,0,0,0,1,1,1,1,1,0,1,0,0,0,1,1,0,0,1,0,1,1,0,1,1,1,0,0,0,1,0,1,0,1,0,False
39,1,1,1,0,0,0,0,1,1,0,0,1,0,0,1,1,0,0,0,0,0,0,0,0,0,1,0,1,0,1,0,0,1,0,0,False
40,1,1,0,0,1,0,1,1,1,0,1,0,1,1,1,0,0,0,0,0,1,0,1,0,0,0,1,0,0,1,0,1,0,1,1,False
41,1,1,1,0,1,0,1,1,0,1,1,0,0,0,1,1,1,1,1,1,0,0,0,1,1,0,0,0,0,1,1,1,0,0,0,False
42,1,1,1,1,1,1,0,1,1,0,1,0,1,1,1,0,1,1,1,0,1,1,0,0,0,0,1,0,0,0,0,1,1,1,0,False
43,1,1,1,1,0,0,0,1,0,1,0,0,1,1,0,0,0,0,0,0,0,1,1,1,0,1,0,0,0,1,0,0,1,1,1,False
44,1,1,1,0,1,0,1,1,1,1,1,0,1,1,0,1,0,1,0,1,0,0,0,0,0,0,1,0,0,1,1,1,0,1,1,False
45,1,1,1,1,1,0,1,0,1,0,1,1,1,0,1,1,1,1,0,0,1,0,1,1,1,1,0,0,0,0,1,0,1,1,0,False
46,1,0,0,0,1,1,0,1,1,0,0,1,1,1,0,0,0,1,1,0,0,1,1,1,1,1,1,1,0,0,0,0,0,0,1,False
47,1,1,1,1,1,1,1,1,1,0,1,1,0,0,0,0,1,0,1,0,0,0,1,1,0,1,0,0,0,0,1,1,1,0,0,False
48,1,1,0,0,0,1,1,0,1,0,0,0,1,0,0,1,0,1,1,0,1,1,1,0,1,1,0,0,0,1,0,1,1,1,1,False
49,1,1,1,0,1,1,1,1,0,1,1,1,0,0,1,0,0,1,0,0,0,0,1,1,1,1,0,0,1,0,0,0,0,0,0,False
50,1,1,1,1,1,1,1,0,0,1,0,1,1,0,0,1,1,1,1,1,1,0,1,1,1,1,1,1,1,0,0,1,1,0,1,False
51,1,1,0,0,0,1,0,1,1,1,0,0,1,1,0,0,1,0,1,0,0,0,1,1,1,1,1,0,0,1,0,1,1,1,0,False
52,1,1,0,0,1,0,0,1,1,1,1,1,0,1,0,1,0,1,1,1,0,1,1,0,1,1,1,0,0,1,0,0,1,1,1,False
53,1,1,1,1,1,0,0,0,1,0,1,1,0,1,0,1,1,0,1,1,1,0,0,0,0,0,1,0,1,0,1,1,0,0,0,False
54,1,0,0,1,0,0,1,1,1,1,0,1,0,0,1,0,0,0,0,0,1,0,1,1,0,0,0,1,0,1,0,1,0,0,1,False
55,1,1,1,1,1,1,1,0,0,1,0,0,0,0,1,1,0,1,1,0,0,0,0,0,1,1,0,1,1,1,1,1,1,0,0,False
56,1,0,1,1,0,0,0,0,0,1,1,0,1,0,0,0,0,1,0,1,1,1,1,0,1,0,1,0,1,0,0,1,0,1,0,False
57,1,0,1,1,0,1,1,1,0,0,1,1,1,0,0,1,1,1,1,1,1,0,0,0,1,1,0,1,1,0,0,1,0,1,0,False
58,1,1,1,1,1,0,0,1,1,0,1,0,1,1,1,0,1,1,1,0,1,0,1,1,0,1,1,0,1,0,0,1,0,0,1,False
59,1,1,0,0,1,0,0,0,0,1,0,1,1,1,0,0,0,1,0,1,1,1,1,0,0,1,1,1,1,0,1,0,0,0,1,False
60,1,0,1,1,0,0,1,0,1,0,0,0,1,0,0,0,0,1,0,0,1,1,1,0,1,1,1,1,1,1,0,1,0,0,0,False
61,1,0,1,0,1,0,1,1,1,1,0,0,0,1,1,1,1,1,0,0,0,0,1,0,1,0,1,0,1,0,1,0,1,1,1,False
62,1,1,1,1,1,1,1,1,1,1,0,1,1,0,1,1,0,1,1,1,1,1,1,0,1,1,1,1,1,1,1,1,0,1,0,False
63,1,1,0,1,0,1,0,0,0,1,1,1,1,1,1,1,1,0,0,0,1,1,1,0,1,1,0,0,1,0,0,1,1,1,0,False
64,1,1,1,0,1,1,1,0,0,0,0,0,0,0,0,1,1,1,0,0,1,0,1,0,0,1,0,0,0,0,0,0,0,1,0,False
65,1,1,0,0,0,0,1,1,0,0,1,1,0,1,0,1,1,0,0,0,0,0,1,1,1,0,0,1,1,0,1,1,0,0,0,False
66,1,1,1,1,1,0,1,0,0,0,1,1,1,1,1,1,0,0,0,0,1,1,1,0,0,1,1,0,1,0,0,0,1,1,1,False
67,1,1,0,1,0,0,1,0,0,1,1,0,1,0,0,0,1,1,0,0,1,0,1,0,0,1,1,0,0,0,0,1,1,1,0,False
68,1,1,1,1,0,1,0,0,0,1,0,0,0,1,0,0,0,0,1,1,0,1,0,0,1,1,0,0,0,0,1,0,0,1,0,False
69,1,0,0,0,0,0,0,1,1,1,1,1,0,0,1,1,1,1,1,1,1,1,0,0,1,0,1,1,0,1,0,1,0,0,0,False
70,1,1,1,1,0,0,1,1,0,1,1,1,0,0,0,0,0,0,0,0,1,0,1,1,0,0,1,1,0,1,1,1,1,0,0,False
71,1,1,0,1,1,1,0,1,0,0,0,1,1,1,0,0,1,1,0,1,1,1,0,0,1,1,1,1,1,0,0,0,1,0,0,False
72,1,1,0,1,0,0,0,1,1,0,1,0,1,1,0,1,1,1,1,0,1,1,1,0,0,1,0,1,1,1,0,1,1,1,1,False
73,1,0,0,1,1,0,1,1,0,0,0,0,1,0,1,1,0,0,1,1,0,0,0,1,0,1,0,0,0,1,1,0,0,1,0,False
74,1,1,1,1,1,0,1,1,1,1,1,0,0,0,0,1,0,0,1,1,0,1,0,1,0,0,0,0,0,0,1,0,0,0,0,False
75,1,1,1,0,1,1,0,1,0,1,1,1,0,1,1,1,1,1,1,0,0,0,0,1,1,1,0,0,0,1,0,1,0,0,1,False
76,1,0,1,1,1,0,1,0,0,0,0,1,0,1,0,0,0,0,1,1,0,1,1,1,1,1,1,1,0,0,1,1,1,1,0,False
77,1,1,1,1,1,0,1,0,1,0,0,1,1,1,0,1,0,1,0,1,1,0,0,1,1,0,1,0,1,1,1,1,0,1,1,False
78,1,0,1,0,0,1,1,0,1,0,0,1,1,0,0,1,1,1,0,1,0,0,1,1,0,0,0,0,0,1,1,1,0,0,1,False
79,1,1,1,1,1,1,0,0,1,0,0,1,0,1,0,0,0,0,0,0,0,1,1,0,0,0,1,0,0,0,0,1,1,1,0,False
80,1,0,1,0,1,0,1,1,0,0,0,1,1,1,0,1,0,0,0,1,1,0,1,0,0,0,1,0,1,1,1,1,1,0,1,False
81,1,1,1,0,1,0,1,0,0,1,1,0,1,1,0,0,0,1,1,1,0,1,0,1,1,1,1,1,0,0,1,0,1,1,0,False
82,1,1,1,1,1,0,0,1,1,0,1,1,0,1,1,0,1,0,0,0,1,1,1,1,0,1,1,1,0,1,0,1,1,1,0,False
83,1,0,1,0,0,1,1,0,1,1,1,1,1,1,0,0,1,1,1,0,0,1,1,0,1,0,1,0,1,0,0,1,0,0,1,False
84,1,1,1,1,0,0,1,1,0,1,1,0,1,1,1,0,1,0,1,1,1,0,0,0,1,0,1,1,0,0,0,0,0,1,0,False
85,1,1,1,0,0,1,1,1,0,0,0,0,0,1,0,0,0,0,0,0,1,0,1,0,1,0,1,0,1,0,0,1,1,0,0,False
86,1,0,1,1,0,0,1,1,0,1,0,1,0,1,0,0,1,0,0,0,0,1,0,1,0,1,0,0,1,1,1,0,1,0,1,False
87,1,1,1,1,1,1,1,1,0,1,0,1,0,0,1,1,0,0,1,0,0,0,1,0,0,0,0,1,1,1,0,0,1,1,1,False
88,1,1,0,1,1,1,1,0,1,1,1,0,0,1,0,1,1,0,0,1,0,0,1,0,1,1,0,1,0,0,1,1,1,1,1,False
89,1,0,1,1,1,0,0,1,0,1,1,1,1,0,1,0,1,1,1,1,1,0,0,0,1,1,0,0,1,1,1,1,1,0,0,False
90,1,0,1,1,0,0,0,0,0,1,1,0,1,0,1,1,1,1,0,0,0,0,0,1,1,1,0,0,0,0,1,1,1,1,0,False
91,1,1,1,0,1,0,0,1,0,1,1,1,0,1,1,1,0,1,0,0,1,0,0,0,0,0,0,0,0,1,0,1,1,0,0,False
92,1,1,1,0,1,0,0,1,1,1,0,0,1,1,1,0,0,0,1,0,1,1,1,0,0,0,0,1,1,1,0,0,1,1,0,False
93,1,0,1,0,0,0,0,0,1,1,1,1,1,1,1,1,0,1,1,0,1,0,1,1,0,0,0,1,0,0,0,1,1,1,0,False
94,1,1,1,1,1,1,1,1,0,0,1,1,1,1,1,0,0,1,0,1,0,1,1,0,1,1,1,1,0,0,0,1,1,1,0,False
95,1,1,1,0,0,0,1,0,1,0,0,0,1,0,1,1,1,0,0,1,0,1,1,1,0,1,0,0,1,1,1,0,0,1,1,False
96,1,1,0,0,0,1,0,1,0,1,1,0,0,1,1,0,1,0,1,1,1,0,1,0,1,0,1,0,1,1,1,1,1,0,1,False
97,1,0,1,1,0,0,0,0,1,0,1,1,1,0,1,1,1,1,1,0,0,1,1,0,0,0,0,0,0,0,1,0,0,0,1,False
98,1,1,0,0,1,0,1,0,1,1,1,1,0,1,0,0,0,0,1,1,1,0,1,1,0,1,0,0,0,0,1,0,1,0,1,False
99,1,1,1,0,1,1,0,0,0,1,1,0,0,0,1,0,1,0,1,0,1,0,1,1,1,1,1,1,0,1,0,1,0,1,1,False
100,1,1,1,0,1,1,0,0,1,1,0,0,0,0,0,0,1,1,1,0,0,0,1,1,1,1,1,1,1,0,0,1,1,1,1,False
101,1,1,1,1,0,0,1,0,1,1,0,0,0,1,1,1,1,0,0,0,1,1,0,0,0,1,1,0,0,1,1,1,0,1,0,False
102,1,1,1,1,0,1,1,1,0,1,1,0,0,1,1,1,0,0,1,0,0,0,1,1,0,0,1,0,1,1,0,1,1,0,1,False
103,1,1,1,1,1,0,1,0,1,0,0,1,0,1,0,1,1,0,0,0,1,0,0,1,0,0,1,1,1,1,1,0,1,1,0,False
104,1,1,1,1,0,1,0,1,0,1,1,1,0,1,0,0,0,0,0,0,1,1,0,0,1,1,1,0,1,1,0,1,0,0,1,False
105,1,1,0,0,1,1,1,0,1,0,1,1,1,0,0,1,1,1,0,0,0,0,0,0,1,0,0,0,1,1,0,1,1,0,1,False
106,1,1,1,0,1,0,1,1,0,0,1,1,0,0,1,1,1,1,0,0,0,0,1,1,1,0,1,0,1,1,0,0,1,0,1,False
107,1,1,1,1,1,1,0,1,0,0,1,0,1,1,1,0,0,0,1,0,0,1,0,0,1,1,0,0,0,0,0,0,0,0,0,False
108,1,1,0,0,0,1,1,1,1,1,1,1,0,0,0,1,1,1,1,0,1,0,1,1,0,1,1,0,0,1,0,1,1,0,1,False
109,1,1,1,1,0,0,1,1,1,0,1,0,0,0,1,1,0,1,1,0,1,0,0,1,1,0,0,0,1,1,0,1,1,1,0,False
110,1,1,1,0,1,1,0,0,0,1,1,1,0,1,0,0,0,0,1,0,1,0,0,0,1,0,1,1,0,1,1,1,1,1,1,False
111,1,1,0,1,0,0,0,1,1,1,1,0,0,1,1,1,1,0,0,0,0,1,1,1,0,0,1,1,1,0,0,1,0,0,1,False
112,1,1,1,0,0,1,1,1,0,0,0,0,0,1,0,0,0,0,0,1,0,0,1,1,0,1,0,0,0,1,0,0,1,1,1,False
113,1,0,1,1,0,0,1,1,1,0,0,1,1,1,1,0,0,0,1,0,1,0,1,0,0,1,1,1,0,1,0,1,0,0,0,False
114,1,1,0,1,1,1,0,0,1,1,0,0,1,1,0,0,0,0,1,1,1,0,1,1,1,1,1,0,0,0,1,1,0,1,1,False
115,1,0,1,0,0,0,1,0,1,0,0,1,0,0,0,1,1,1,1,1,0,0,0,1,0,1,1,0,0,1,1,1,1,0,0,False
116,1,1,1,1,1,1,0,1,0,0,1,1,0,1,0,0,0,0,0,1,0,1,0,1,0,1,0,0,0,0,0,0,0,1,0,False
117,1,1,1,1,0,0,0,1,0,0,1,0,1,1,0,1,1,0,1,0,0,1,1,1,0,1,1,1,1,1,0,0,1,0,1,False
118,1,1,1,1,0,1,1,0,1,1,1,0,0,0,0,0,1,0,0,0,1,1,0,1,1,1,0,1,1,1,0,0,1,1,1,False
119,1,1,0,0,0,0,1,1,0,1,1,1,0,0,0,1,0,1,1,1,0,0,0,0,1,0,1,0,0,0,1,0,1,1,0,False
120,1,0,1,0,1,0,0,1,0,1,1,0,0,0,0,1,0,0,0,1,0,1,0,0,1,0,0,1,1,0,0,0,1,0,1,False
121,1,0,1,1,1,1,0,0,0,1,0,0,0,0,0,1,1,1,0,0,0,0,0,0,1,0,1,1,0,0,0,0,0,1,0,False
122,1,1,1,1,1,1,0,1,1,1,0,0,0,0,1,0,0,1,1,1,0,1,0,0,1,1,0,1,1,0,0,0,0,1,1,False
123,1,1,1,1,1,0,1,0,1,0,1,0,1,0,1,0,1,1,1,1,0,1,1,1,0,0,0,1,1,0,1,0,1,1,1,False
124,1,1,1,1,0,1,1,0,0,1,0,0,1,0,1,0,1,1,1,1,0,0,0,1,1,1,1,1,1,0,0,0,1,0,0,False
125,1,0,1,0,0,0,0,1,1,0,0,0,0,1,0,1,0,0,0,1,1,1,0,0,1,1,1,1,0,0,1,0,1,1,1,False
126,1,1,1,1,0,0,1,0,0,0,1,0,0,1,0,0,0,0,1,0,0,0,0,1,1,0,1,1,0,0,0,0,1,0,0,False
127,1,1,0,1,1,1,0,1,0,0,1,1,1,1,1,1,1,1,1,1,0,0,0,0,0,0,0,1,0,1,0,0,1,0,1,False
128,1,1,1,0,1,1,1,0,1,1,0,1,1,1,0,1,1,1,1,0,0,0,1,1,1,0,0,0,1,0,1,0,0,1,1,False
129,1,1,1,1,0,0,1,1,1,1,1,1,1,1,0,1,0,1,1,0,0,0,1,1,0,1,1,0,0,0,1,1,1,0,1,False
130,1,1,0,0,0,0,1,0,1,0,1,0,1,0,0,0,0,0,0,0,1,1,0,0,1,0,0,1,1,0,1,0,1,0,1,False
131,1,1,1,1,1,0,1,0,0,0,1,1,0,0,1,0,0,0,1,0,0,0,1,0,0,1,0,1,1,1,0,0,1,0,1,False
132,1,1,1,0,1,0,1,1,1,0,0,0,0,0,1,1,1,0,1,1,0,1,0,1,1,0,0,0,0,0,0,0,0,0,0,False
133,1,1,1,1,1,0,1,1,1,0,1,0,0,1,1,1,0,1,0,1,1,0,0,1,1,1,0,0,0,0,0,0,1,0,1,False
134,1,1,1,1,1,0,1,0,1,0,0,1,1,1,1,1,1,1,1,0,0,1,0,0,1,1,1,1,1,0,1,0,1,0,1,False
135,1,1,1,1,1,0,0,0,1,1,1,0,1,1,0,0,0,0,0,0,1,1,1,1,1,1,0,0,0,1,1,0,0,1,0,False
136,1,1,1,0,0,1,1,1,1,1,1,1,0,0,1,0,0,1,0,0,0,1,0,0,1,1,1,1,1,1,1,1,0,0,1,False
137,1,0,1,1,0,0,1,1,1,0,1,0,1,1,1,0,1,0,1,1,1,1,1,0,0,1,1,1,1,1,1,1,1,0,1,False
138,1,0,1,0,0,1,0,0,1,1,1,1,1,0,0,0,0,1,0,0,0,0,0,1,0,0,1,0,0,1,1,1,1,1,1,False
139,1,1,1,1,0,1,1,1,1,1,1,1,1,1,1,1,0,0,1,1,0,1,1,0,0,0,0,0,0,1,0,0,0,0,0,False
140,1,1,0,0,0,0,0,1,1,1,1,0,1,0,0,0,1,0,0,0,0,0,0,1,1,0,0,0,0,1,0,0,0,1,1,False
141,1,1,1,0,0,0,1,1,1,0,0,0,0,0,1,1,1,0,0,0,0,0,1,0,0,0,0,1,1,0,1,0,1,1,1,False
142,1,0,0,0,0,0,1,0,1,1,0,0,1,1,1,0,1,1,1,0,1,0,1,1,1,0,1,0,0,1,0,0,0,0,0,False
143,1,1,1,1,0,1,1,1,1,0,1,1,1,1,0,0,1,1,0,1,1,1,0,0,1,0,0,0,0,1,1,0,0,1,0,False
144,1,1,1,1,0,0,0,1,1,1,1,0,0,1,0,0,0,0,1,0,0,1,0,0,1,1,1,1,1,1,0,1,1,1,1,False
145,1,1,0,1,1,0,1,0,0,0,1,1,0,1,1,0,0,1,1,1,0,0,0,1,1,0,1,1,1,0,1,1,0,0,0,False
146,1,1,0,0,1,0,1,0,0,0,1,0,1,1,0,0,1,1,0,1,0,1,0,0,0,0,0,0,0,1,0,0,1,1,1,False
147,1,1,1,1,1,1,1,0,1,0,1,1,0,0,0,0,1,1,0,0,1,1,0,1,1,0,1,0,0,0,0,1,1,0,0,False
148,1,1,0,1,0,1,0,1,1,1,1,0,1,1,1,0,0,1,0,1,1,1,1,1,0,0,0,1,0,1,0,1,0,0,1,False
149,1,1,1,0,1,1,1,0,0,1,0,0,1,0,1,0,0,0,1,1,0,0,0,0,0,0,0,0,1,0,0,0,0,1,0,False
150,1,1,1,1,1,1,1,0,0,1,0,1,0,0,1,1,1,0,1,1,1,0,1,1,0,0,1,1,1,0,1,0,1,0,1,False
151,1,1,0,1,0,1,0,0,1,0,1,0,1,0,0,0,1,1,1,0,1,1,0,1,1,0,0,0,0,1,0,1,0,0,0,False
152,1,0,1,0,0,0,0,1,0,1,0,0,1,1,1,1,0,1,0,1,1,1,1,1,0,0,0,0,1,1,0,0,1,0,1,False
153,1,1,1,1,1,0,0,0,1,1,1,1,1,1,1,1,0,0,0,0,0,1,1,0,1,1,1,1,1,1,0,0,1,1,1,False
154,1,0,1,0,1,1,1,1,1,0,0,0,1,0,1,1,0,0,1,1,0,1,1,1,1,0,0,1,0,0,1,1,1,1,1,False
155,1,0,0,0,1,1,1,0,0,0,1,0,0,1,0,0,0,0,1,0,0,0,0,0,1,0,0,1,1,0,0,0,1,0,0,False
156,1,1,1,1,1,1,1,0,1,1,1,1,0,0,1,1,1,1,1,1,1,0,0,1,0,0,0,1,1,0,1,1,0,1,0,False
157,1,0,0,1,0,0,1,0,0,1,1,0,0,1,0,1,1,1,0,1,1,1,1,0,0,0,0,0,0,1,0,1,0,1,0,False
158,1,1,1,0,1,1,1,0,1,1,0,1,1,1,0,1,0,1,0,0,1,0,0,0,1,0,0,1,1,0,1,1,1,1,0,False
159,1,1,1,0,0,1,0,0,1,0,0,1,0,1,1,0,1,0,0,1,1,1,0,1,0,1,1,0,0,0,1,1,1,1,0,False
160,1,1,1,1,1,1,0,0,0,1,1,0,0,0,1,1,1,0,1,0,0,0,0,0,1,0,0,1,0,1,0,1,0,1,1,False
161,1,1,0,1,1,1,1,1,0,1,1,1,0,0,1,0,0,0,1,0,0,0,0,0,0,0,0,0,1,0,1,1,0,0,0,False
162,1,0,0,0,1,1,1,0,1,1,1,1,1,1,1,0,0,1,0,1,1,1,1,0,0,0,1,0,1,0,1,0,1,0,1,False
163,1,1,0,1,1,0,0,1,0,1,0,1,1,0,0,1,1,1,1,0,1,1,0,0,1,1,0,1,0,0,0,0,0,0,1,False
164,1,0,1,0,0,1,0,1,0,1,1,1,0,0,0,0,0,0,0,1,1,1,0,0,1,1,0,0,1,0,1,1,1,0,1,False
165,1,1,1,1,1,0,0,1,0,1,0,0,0,1,0,1,0,0,0,0,0,0,0,0,0,0,0,1,0,1,1,0,1,1,0,False
166,1,0,1,0,0,1,0,1,1,1,0,1,0,1,0,0,1,0,0,1,1,0,1,0,1,0,1,0,0,1,0,1,0,1,1,False
167,1,1,0,1,0,1,1,1,0,0,0,0,0,0,1,1,1,0,0,1,0,1,0,0,1,1,0,1,1,1,1,0,0,1,1,False
168,1,1,0,1,0,0,0,1,0,0,0,0,1,0,0,1,1,1,0,1,1,0,1,0,1,0,1,0,1,0,0,0,1,1,1,False
169,1,0,0,0,0,1,1,0,0,1,0,0,0,0,1,0,0,0,1,1,1,0,0,1,0,0,0,0,1,1,1,0,1,0,1,False
170,1,0,0,1,0,0,1,1,0,0,1,1,1,1,1,0,1,1,1,1,1,1,0,1,1,0,1,1,1,1,0,1,0,1,1,False
171,1,0,0,1,1,0,1,0,1,0,1,1,1,0,1,0,1,1,0,1,0,0,1,1,0,0,0,1,0,0,1,1,0,1,1,False
172,1,1,0,1,0,0,1,0,0,0,0,1,1,1,0,0,1,0,0,1,0,0,1,1,1,1,0,1,1,0,1,1,0,1,1,False
173,1,1,1,1,0,0,1,1,1,1,1,1,1,1,1,1,0,0,1,0,0,0,1,1,0,0,0,1,1,1,1,1,1,0,0,False
174,1,1,0,0,1,1,1,0,1,1,1,1,1,1,0,1,1,0,0,0,1,0,0,1,0,0,0,0,0,0,0,1,0,0,1,False
175,1,1,1,0,0,1,1,1,1,0,0,0,1,1,1,1,0,1,1,1,1,1,0,1,0,0,1,1,0,0,1,0,0,1,0,False
176,1,1,1,1,1,1,0,1,0,0,1,0,0,1,1,0,0,1,1,1,1,0,1,0,1,1,1,1,1,1,1,0,1,1,1,False
177,1,1,1,0,1,1,0,0,0,1,1,1,1,0,1,1,0,0,1,0,0,0,1,1,0,0,0,0,1,1,0,1,1,0,0,False
178,1,0,0,1,0,0,1,1,0,0,0,0,1,1,0,1,0,0,1,0,0,0,0,1,0,1,0,1,1,1,0,1,0,0,0,False
179,1,1,0,1,0,1,0,0,0,0,0,1,1,1,1,0,0,1,1,0,0,1,0,0,0,0,0,1,1,1,1,1,1,1,1,False
180,1,1,0,1,1,1,1,0,0,0,1,1,0,0,1,0,0,1,1,1,0,1,0,1,1,0,1,0,0,0,1,1,1,0,1,False
181,1,1,0,0,1,0,1,1,1,0,1,1,0,0,0,0,0,0,1,0,1,1,0,1,1,1,1,0,0,1,0,1,0,1,0,False
182,1,1,1,0,1,0,1,1,1,1,0,1,0,0,0,0,1,1,1,1,1,1,0,0,0,1,0,1,0,1,0,0,0,0,0,False
183,1,1,0,1,0,0,0,1,1,1,0,0,0,1,1,0,1,1,0,0,0,1,0,0,1,0,0,0,0,1,0,0,0,0,1,False
184,1,0,1,0,0,0,0,1,1,1,0,0,0,0,0,0,0,1,1,1,0,1,0,0,1,1,1,0,1,1,1,0,1,0,1,False
185,1,1,0,0,0,1,0,1,1,0,1,1,0,0,0,0,0,1,1,0,1,0,0,0,1,0,0,0,0,0,0,0,1,1,0,False
186,1,1,1,0,1,1,0,0,0,0,1,1,1,0,0,1,1,0,1,1,1,1,0,1,0,0,1,0,0,1,1,1,1,1,1,False
187,1,0,0,0,0,1,1,0,1,1,1,1,0,0,0,1,1,1,1,1,1,1,0,0,0,0,1,0,0,0,1,1,0,0,0,False
188,1,0,0,1,1,1,1,1,0,1,0,0,0,1,1,1,1,1,0,0,0,1,0,0,0,0,0,0,0,0,1,0,1,1,1,False
189,1,1,1,1,1,0,1,0,1,0,0,1,0,1,1,1,1,0,1,1,1,0,1,0,1,0,1,1,1,0,1,1,1,0,0,False
190,1,0,1,1,1,0,1,1,0,0,1,0,0,1,0,0,1,0,1,1,0,1,1,0,0,1,1,0,0,1,0,1,1,0,0,False
191,1,1,1,1,1,1,1,1,1,1,1,1,1,0,0,1,0,1,1,1,0,1,1,1,0,0,0,1,1,1,0,1,1,1,1,False
192,1,0,1,1,0,1,0,0,0,1,1,0,0,1,0,0,1,0,1,0,1,1,0,0,1,0,1,1,0,0,1,1,0,0,0,False
193,1,1,1,1,0,1,1,1,0,1,0,0,1,1,0,0,1,0,0,0,1,1,0,1,0,0,1,1,1,0,1,1,1,0,0,False
194,1,0,0,1,1,0,0,0,1,0,1,0,1,0,1,0,1,1,0,0,0,1,0,0,1,1,1,0,1,0,0,1,1,0,0,False
195,1,1,1,1,1,1,1,1,1,0,1,1,0,1,1,0,0,0,0,0,0,1,1,1,1,0,0,0,1,0,1,1,0,0,0,False
196,1,1,0,0,1,0,1,0,1,1,1,0,1,0,1,0,1,0,0,1,0,0,1,1,1,1,0,0,0,0,0,1,1,0,0,False
197,1,0,1,1,0,0,0,1,1,0,1,0,1,0,0,0,0,0,1,1,0,1,0,1,1,0,1,0,1,0,1,1,1,0,0,False
198,1,1,1,1,0,0,1,0,1,1,1,1,1,0,1,1,0,0,0,0,0,1,1,0,1,0,0,0,0,0,0,1,1,1,0,False
199,1,1,1,0,0,1,1,0,1,1,0,0,1,0,1,0,1,1,0,0,1,0,0,1,0,1,1,0,1,0,1,0,1,0,1,False
200,1,1,1,0,1,1,0,1,0,1,0,0,0,0,1,1,1,0,1,1,0,0,1,1,1,1,0,0,0,1,0,0,1,0,0,False
201,1,1,1,1,1,1,0,0,1,0,1,0,1,1,1,1,1,0,1,0,1,1,0,0,1,1,0,0,0,1,0,1,0,1,0,False
202,1,1,1,1,1,1,1,0,0,1,1,1,1,0,0,1,0,1,1,0,1,1,0,0,0,1,0,1,0,0,0,0,1,1,0,False
203,1,1,1,1,0,1,1,0,0,1,0,0,0,1,1,1,0,0,1,0,1,0,0,1,0,0,1,1,1,0,0,0,0,1,0,False
204,1,1,0,0,0,1,1,0,1,1,0,1,1,1,0,0,0,0,1,1,0,0,1,1,0,0,0,0,1,0,0,0,1,0,1,False
205,1,1,0,0,0,0,0,0,0,0,1,0,1,1,0,1,0,1,0,1,0,1,1,0,0,0,0,1,0,1,1,0,1,0,0,False
206,1,0,0,0,1,1,1,1,0,1,0,0,0,0,0,0,1,1,1,1,0,1,1,1,1,1,0,0,1,0,0,0,1,0,1,False
207,1,1,0,0,1,1,1,0,1,1,0,0,1,1,1,1,1,1,0,0,0,1,1,0,0,1,0,0,0,1,0,1,0,0,1,False
208,1,1,1,1,0,0,0,0,1,0,0,1,0,1,0,0,1,1,1,0,1,0,0,0,0,1,0,0,0,0,0,0,1,0,1,False
209,1,1,1,1,1,0,0,1,0,1,0,0,0,0,0,1,0,0,0,1,1,0,1,1,0,0,0,1,0,0,1,1,0,1,0,False
210,1,1,0,1,1,1,1,1,1,1,0,1,0,0,1,1,0,0,0,1,1,0,0,0,1,0,1,1,1,0,0,1,1,1,1,False
211,1,1,1,0,0,1,0,0,0,0,1,1,1,1,1,1,0,0,0,0,0,1,0,0,0,0,0,1,1,1,1,1,0,1,0,False
212,1,0,0,1,0,1,0,1,0,1,0,1,1,0,1,0,1,1,1,0,0,1,0,1,1,0,1,0,0,1,0,0,0,1,0,False
213,1,1,1,1,0,0,0,1,1,0,0,1,1,1,1,1,1,1,0,0,1,0,0,1,0,0,0,0,1,0,1,1,0,0,1,False
214,1,1,1,1,0,1,1,1,0,1,1,1,0,1,1,0,1,1,1,0,0,0,0,1,1,1,0,0,1,0,1,1,1,0,1,False
215,1,0,1,0,1,0,0,0,0,0,1,1,1,0,1,0,0,0,1,1,1,1,0,0,0,0,0,1,0,0,0,0,1,0,1,False
216,1,0,1,0,0,0,1,1,0,1,0,0,0,0,1,1,1,0,0,0,0,0,0,1,0,1,1,0,1,0,0,0,1,1,0,False
217,1,1,1,0,1,0,1,1,0,1,0,1,0,0,0,1,1,1,0,0,1,1,1,0,1,1,1,0,1,1,0,0,1,0,1,False
218,1,1,0,1,0,1,0,1,0,0,1,0,1,1,1,0,1,0,0,1,1,1,1,0,0,0,0,1,0,1,1,1,0,1,1,False
219,1,1,1,0,1,0,1,1,1,1,1,1,0,0,0,0,1,1,1,1,1,1,1,0,1,1,0,0,1,1,1,0,1,0,1,False
220,1,1,1,1,1,1,1,0,1,1,0,1,0,1,0,1,0,0,0,0,0,1,1,0,0,1,1,0,1,0,0,1,1,0,1,False
221,1,1,0,0,1,1,1,0,0,0,1,0,0,0,1,0,0,1,0,0,0,0,0,1,0,1,1,0,1,0,1,0,1,0,0,False
222,1,0,1,0,0,0,1,0,0,1,0,0,1,1,1,0,0,1,1,0,0,0,0,0,0,1,0,1,1,1,0,1,0,0,0,False
223,1,0,0,1,1,0,1,0,0,0,0,0,0,0,1,0,1,0,0,1,0,0,1,0,1,1,0,0,0,0,1,0,0,1,1,False
224,1,1,0,1,1,0,0,0,0,1,0,0,0,0,1,0,1,1,1,0,1,0,0,0,1,1,0,0,1,0,1,0,0,1,1,False
225,1,1,1,1,1,1,1,1,1,1,1,0,1,0,1,1,1,0,0,0,1,1,0,1,0,1,1,1,1,0,1,0,1,1,0,False
226,1,1,1,1,0,1,1,0,1,1,0,0,0,0,0,0,0,1,1,0,1,1,0,1,0,0,1,0,1,0,0,1,0,1,0,False
227,1,1,0,0,0,1,1,1,1,1,1,1,1,0,1,1,0,1,0,0,1,1,1,0,0,0,1,1,1,1,1,1,0,0,1,False
228,1,1,1,1,0,0,1,0,1,1,1,1,1,0,1,0,1,1,1,1,0,1,1,0,1,0,1,0,0,1,1,1,1,1,1,False
229,1,0,1,0,0,0,1,1,0,1,1,1,1,0,1,1,0,1,1,1,1,0,1,0,1,1,0,0,1,0,1,0,1,0,1,False
230,1,1,0,0,1,0,0,1,1,0,1,1,1,0,0,1,0,1,1,0,0,0,1,1,1,1,1,0,1,1,0,0,1,1,0,False
231,1,0,0,0,0,0,1,0,1,0,1,0,0,0,0,1,0,1,0,0,1,0,0,0,1,0,1,1,0,1,1,0,0,1,1,False
232,1,1,1,1,1,0,0,1,0,1,0,1,0,0,1,1,0,1,1,0,0,1,1,0,1,1,0,0,0,1,1,1,1,0,1,False
233,1,1,1,0,1,0,1,0,1,0,0,1,0,1,1,1,1,0,0,1,0,1,1,1,0,0,0,0,0,0,0,1,0,0,0,False
234,1,0,0,1,0,0,0,0,0,1,0,1,1,0,1,1,0,1,1,1,1,0,0,0,0,0,1,1,1,0,1,0,0,0,1,False
235,1,1,1,0,0,0,0,1,0,0,0,1,1,0,1,0,1,1,0,1,0,0,0,1,0,1,1,0,0,1,1,0,1,0,0,False
236,1,0,1,1,1,0,1,0,1,1,1,1,1,0,1,0,1,0,1,0,0,1,0,0,0,1,1,1,0,0,1,1,0,1,0,False
237,1,1,0,0,1,1,1,0,0,0,0,0,1,1,1,0,0,1,1,0,1,0,0,0,1,1,1,1,1,0,0,0,0,0,0,False
238,1,1,1,0,0,1,1,1,1,0,0,0,0,0,1,1,1,0,0,1,0,1,0,0,0,1,0,1,0,0,1,0,1,1,1,False
239,1,1,1,0,1,1,1,1,1,0,0,0,1,0,1,1,1,0,0,0,1,0,0,1,1,0,0,0,1,0,0,0,0,0,1,False
240,1,1,0,0,0,1,1,1,0,1,0,0,1,0,1,1,1,1,1,1,1,0,1,1,1,0,1,0,1,1,0,0,0,1,1,False
241,1,1,0,1,0,1,1,1,0,0,1,0,0,1,1,0,1,1,1,1,1,0,1,0,0,1,0,1,0,0,0,1,0,1,0,False
242,1,1,1,1,0,0,1,0,1,1,1,0,1,0,1,1,1,1,1,1,1,1,1,1,1,0,1,0,1,1,1,1,1,1,1,False
243,1,1,1,1,0,1,1,0,1,1,0,1,0,0,1,0,1,1,1,1,1,1,0,1,1,1,0,1,0,0,0,0,0,1,0,False
244,1,0,0,1,1,0,0,0,0,0,1,0,1,0,1,0,0,0,0,0,1,1,1,1,0,1,0,0,0,0,1,0,0,0,1,False
245,1,1,1,1,1,1,0,1,1,0,1,1,0,1,0,0,0,1,1,0,0,1,1,0,1,1,0,0,1,0,0,0,1,0,1,False
246,1,1,1,0,1,0,1,1,0,1,1,1,0,1,0,1,0,1,0,0,1,0,1,1,1,0,0,0,0,1,1,0,1,1,1,False
247,1,1,1,1,1,1,0,0,1,0,1,1,0,0,0,0,1,1,1,0,0,1,0,0,1,0,0,1,1,1,0,0,0,0,1,False
248,1,1,0,1,0,0,0,0,0,0,1,1,0,0,1,1,0,1,0,1,1,0,1,1,1,1,0,0,0,0,0,0,1,1,1,False
249,1,1,0,1,0,1,1,0,1,1,1,0,0,0,1,1,1,0,1,0,1,1,0,1,1,0,1,0,1,0,0,0,1,0,0,False
250,1,1,1,1,0,0,1,0,0,1,0,0,0,1,0,0,1,0,1,0,1,0,0,1,1,1,0,0,1,1,0,1,1,1,0,False
251,1,1,1,1,0,1,1,1,1,1,0,1,0,1,0,1,1,0,0,1,0,0,0,0,0,1,0,0,0,1,1,0,1,1,1,False
252,1,1,0,0,0,0,0,0,0,1,1,0,1,1,0,0,0,1,0,1,0,0,0,1,0,0,0,0,0,0,0,1,0,0,1,False
253,1,1,0,0,1,1,1,0,1,1,0,0,1,0,0,1,1,1,0,1,0,1,1,1,0,1,0,1,1,1,1,1,1,1,0,False
254,1,1,1,1,0,1,1,1,0,1,0,0,0,1,1,0,0,0,1,0,0,0,1,0,1,1,0,1,0,0,0,1,1,0,1,False
255,1,1,1,1,1,1,0,1,1,0,1,0,0,1,1,1,0,1,1,1,1,1,0,1,1,0,1,1,0,0,0,0,1,1,1,False
256,1,1,1,1,0,0,0,0,1,0,1,0,0,0,0,0,0,1,1,0,1,1,1,1,0,1,1,1,1,1,1,1,1,0,1,False
257,1,1,1,1,1,1,1,0,0,1,1,0,1,0,1,1,0,1,1,1,1,1,1,1,1,0,1,0,0,1,0,0,0,1,1,False
258,1,0,0,0,0,0,1,1,0,1,1,0,0,1,0,0,1,1,0,0,0,1,1,1,1,0,0,0,1,1,0,1,0,1,1,False
259,1,1,1,1,1,1,1,1,0,0,1,0,1,1,0,1,0,0,0,0,1,0,1,0,0,0,1,0,0,1,1,0,0,1,1,False
260,1,1,1,0,0,0,1,0,1,0,0,1,1,1,0,0,1,1,1,1,1,1,1,0,0,0,0,1,1,1,1,1,0,0,0,False
261,1,0,0,1,0,1,1,0,1,0,1,1,0,1,1,0,0,1,0,1,0,1,0,1,0,0,0,0,0,0,1,0,1,1,1,False
262,1,1,1,0,1,1,0,1,1,1,0,0,0,1,0,0,1,1,0,1,1,1,1,0,1,1,1,1,0,1,1,0,0,0,1,False
263,1,0,0,0,1,0,1,0,0,0,1,1,1,1,0,1,0,0,1,1,0,0,0,0,1,0,1,1,0,1,0,0,0,0,1,False
264,1,0,0,1,0,0,0,1,0,1,1,0,1,0,0,1,1,1,1,1,1,1,1,1,1,0,0,0,1,0,1,0,1,1,1,False
265,1,1,1,1,0,0,1,1,0,0,1,0,0,0,1,0,0,1,1,0,0,0,0,1,1,1,1,1,1,0,0,1,1,0,1,False
266,1,1,1,1,1,0,0,1,0,0,0,0,1,0,0,0,0,1,1,0,1,0,1,0,1,0,1,0,1,0,1,1,1,1,1,False
267,1,0,0,0,1,0,1,0,1,1,0,1,1,1,0,1,0,0,1,1,0,0,1,1,1,0,0,1,0,0,1,1,0,0,1,False
268,1,1,1,1,1,1,1,0,0,1,1,1,1,1,0,0,1,0,1,0,0,1,0,0,0,0,0,1,1,1,1,0,1,1,1,False
269,1,0,0,1,1,0,0,1,1,0,1,0,0,1,0,0,0,0,1,0,0,0,1,0,1,0,0,1,1,1,0,1,1,0,0,False
270,1,0,1,0,1,0,1,1,1,0,1,0,1,0,1,1,0,0,1,0,0,0,1,0,0,0,0,0,0,1,1,1,1,1,0,False
271,1,1,0,1,0,0,0,1,0,1,0,0,1,0,0,1,1,1,0,1,1,1,1,1,0,1,1,1,0,0,0,1,0,0,1,False
272,1,0,0,0,1,0,0,0,1,0,1,1,1,1,0,0,0,1,1,0,1,0,1,0,1,0,0,1,1,1,1,0,0,0,1,False
273,1,0,1,1,0,1,1,0,1,1,1,1,0,0,1,0,1,1,0,1,1,0,1,1,0,0,1,0,0,0,1,1,1,0,1,False
274,1,0,1,1,0,0,0,0,0,0,1,1,1,0,1,1,1,1,0,1,0,1,1,0,0,1,0,1,1,1,0,0,0,1,0,False
275,1,1,1,1,1,1,0,1,0,1,1,0,1,0,0,0,0,0,0,0,1,1,1,1,0,0,0,0,1,0,1,1,0,0,1,False
276,1,1,1,1,0,0,0,1,1,1,1,0,0,1,0,0,0,1,1,0,1,0,1,1,0,0,1,0,1,0,1,0,0,0,0,False
277,1,0,1,1,0,0,0,0,0,1,0,1,0,1,1,0,1,0,1,1,1,1,1,0,1,1,0,1,1,1,1,1,0,1,1,False
278,1,1,0,0,1,1,0,1,0,0,1,1,1,0,0,1,1,0,1,0,1,0,0,1,1,1,0,1,0,1,1,0,1,0,0,False
279,1,1,1,1,1,1,1,0,0,0,1,1,1,0,0,0,0,0,1,1,0,1,1,1,1,0,1,1,1,0,1,1,1,0,1,False
280,1,0,1,1,1,1,0,1,0,1,0,1,1,0,1,1,0,0,1,0,0,1,0,0,0,1,0,0,1,0,0,1,0,0,1,False
281,1,1,1,1,1,0,0,0,0,0,1,0,0,1,1,0,0,0,0,0,0,1,0,0,0,0,0,1,0,0,1,1,1,1,0,False
282,1,1,1,1,1,0,0,0,1,0,1,0,0,1,0,1,1,1,1,0,1,1,0,0,0,0,0,0,0,0,1,1,0,0,1,False
283,1,0,0,0,0,0,0,1,0,1,0,1,0,1,1,0,1,1,1,0,1,1,0,0,1,1,0,1,1,1,1,0,0,0,0,False
284,1,1,1,1,1,0,0,0,1,0,0,1,1,0,0,1,1,0,0,1,1,0,0,0,0,1,0,1,0,1,1,0,1,1,0,False
285,1,1,1,1,0,0,1,0,0,1,1,1,1,0,0,1,1,0,0,1,1,1,0,1,1,0,1,1,0,0,0,1,0,0,0,False
286,1,1,1,0,1,1,0,0,0,0,0,1,1,1,0,0,1,0,0,1,1,1,1,1,0,0,0,0,0,0,1,0,0,1,0,False
287,1,1,1,0,0,0,0,1,0,1,1,0,0,0,0,0,1,0,1,1,0,1,1,0,0,1,1,1,0,0,1,0,0,1,0,False
288,1,1,0,0,1,1,1,0,1,0,1,0,1,0,0,0,1,1,0,1,0,1,0,0,1,0,1,0,1,1,0,0,1,1,1,False
289,1,1,1,1,1,1,1,1,0,0,1,0,0,1,0,1,1,0,0,1,1,1,1,1,1,1,0,1,1,0,1,0,0,1,0,False
290,1,1,1,0,0,1,1,1,1,0,0,0,0,0,0,1,1,1,0,1,0,0,1,0,1,1,0,1,1,1,0,0,0,0,1,False
291,1,1,0,0,0,0,1,0,1,0,0,1,1,1,0,1,0,1,1,1,0,0,0,1,1,1,0,0,0,1,0,0,1,1,1,False
292,1,1,1,0,1,1,1,1,1,1,0,0,1,1,0,0,1,0,0,0,0,1,0,1,1,0,1,1,1,1,1,0,0,0,1,False
293,1,1,1,0,0,0,1,0,1,0,1,0,0,0,0,1,1,0,1,0,1,1,0,0,1,1,1,1,0,0,1,1,1,1,0,False
294,1,1,0,1,1,0,0,0,0,0,1,1,1,1,0,0,1,0,0,0,0,0,0,0,0,0,0,0,1,0,0,1,1,1,0,False
295,1,1,1,1,0,1,0,0,0,0,0,0,1,0,1,1,0,1,0,1,1,1,0,0,1,0,0,1,1,1,1,1,1,1,0,False
296,1,1,1,0,1,1,1,0,0,0,1,0,0,0,1,1,1,1,1,1,1,0,1,1,0,0,1,0,0,0,0,0,0,1,0,False
297,1,1,0,0,0,1,1,1,1,0,1,1,1,1,1,0,1,0,0,0,0,0,1,0,1,0,0,0,1,0,0,0,0,0,1,False
298,1,1,1,0,0,1,1,0,0,0,1,0,0,1,1,0,1,1,0,1,0,1,1,0,1,0,0,0,1,0,1,0,0,0,0,False
299,1,1,0,0,1,0,0,0,1,1,0,1,0,0,0,0,1,0,1,0,0,1,1,0,0,1,1,1,1,1,0,0,1,1,1,False
300,1,1,1,1,0,1,0,0,0,1,0,0,1,0,0,1,0,0,1,1,0,0,0,1,1,0,0,1,0,0,0,0,0,1,1,False
301,1,1,0,1,1,0,0,0,1,1,1,1,1,0,1,1,1,0,0,0,0,1,0,1,1,0,0,0,1,0,0,1,0,1,0,False
302,1,0,1,1,0,0,1,1,1,0,0,0,0,1,0,1,0,0,0,1,1,0,1,1,0,1,1,0,0,0,0,1,1,1,0,False
303,1,1,1,0,0,0,1,0,0,1,1,1,0,1,1,1,0,1,0,0,1,0,1,1,1,1,1,1,0,1,0,0,1,0,1,False
304,1,1,1,1,1,0,0,0,0,0,0,0,1,0,0,1,1,0,0,0,1,1,0,0,1,0,1,1,1,0,1,0,0,1,1,False
305,1,1,1,1,1,0,0,0,1,1,1,1,0,0,1,0,1,1,1,0,0,1,0,1,0,0,1,0,1,1,0,0,0,1,1,False
306,1,1,1,1,1,1,0,0,0,1,0,1,1,0,0,0,0,0,1,0,1,0,0,0,0,0,1,1,1,0,0,0,0,1,1,False
307,1,0,0,0,1,0,0,1,0,1,1,0,0,1,0,1,1,0,0,1,0,1,1,0,1,0,1,0,0,1,0,1,0,0,1,False
308,1,0,0,1,0,0,0,1,1,1,0,0,0,0,0,0,1,1,1,1,1,0,0,1,0,1,0,1,0,1,0,1,0,0,0,False
309,1,0,0,1,0,1,1,1,0,1,1,1,1,0,1,0,1,1,1,0,1,0,1,0,1,0,0,0,1,1,0,0,1,0,1,False
310,1,0,1,0,1,0,0,1,0,0,1,0,1,0,1,1,1,1,0,0,1,1,0,1,0,0,1,1,1,0,0,0,0,1,0,False
311,1,1,0,1,1,1,0,0,1,1,1,0,1,1,1,1,0,1,0,0,1,1,0,1,0,1,1,0,1,1,1,1,1,1,1,False
312,1,0,0,1,1,0,1,1,1,0,0,1,0,1,0,1,1,0,1,1,1,1,0,1,1,1,1,0,0,0,0,0,0,0,0,False
313,1,1,1,1,0,0,1,0,1,1,0,0,0,1,1,0,0,0,0,1,1,0,1,1,1,1,1,1,1,0,0,0,0,0,1,False
314,1,1,1,1,0,0,1,1,1,1,0,1,1,0,1,0,1,1,1,1,0,0,1,1,1,1,0,0,0,0,1,0,0,0,1,False
315,1,1,1,0,1,0,1,0,0,1,0,1,1,1,1,1,1,0,1,1,1,1,0,1,0,1,0,0,1,1,0,0,1,0,0,False
316,1,0,0,1,1,0,0,1,1,0,1,1,0,1,1,1,0,0,1,1,1,1,0,1,0,1,0,0,1,0,0,0,1,0,1,False
317,1,1,1,1,0,1,1,1,1,1,1,0,0,1,0,0,0,0,1,1,1,0,1,0,1,0,1,1,1,1,1,1,0,1,0,False
318,1,0,1,1,1,0,0,1,1,1,0,1,0,0,0,1,0,0,1,0,0,0,1,1,0,0,0,1,1,1,0,0,0,0,0,False
319,1,1,1,0,1,0,1,0,0,0,0,0,0,1,0,0,0,1,0,1,0,0,1,1,1,1,0,0,1,0,1,1,1,1,1,False
320,1,1,1,0,0,1,0,1,0,0,0,0,0,1,0,0,0,0,0,0,1,0,1,0,0,1,1,0,1,1,0,1,0,0,0,False
321,1,1,0,0,1,0,1,1,0,0,0,1,0,0,1,0,0,1,0,0,0,0,1,0,0,1,1,1,1,0,1,1,1,1,1,False
322,1,0,1,0,0,1,1,1,1,0,0,1,1,1,0,1,1,1,0,0,0,1,0,0,0,1,0,1,0,1,0,1,1,1,1,False
323,1,1,1,1,1,1,1,0,1,1,1,1,1,0,1,0,1,0,0,0,1,0,1,0,0,0,1,0,1,1,0,1,0,1,0,False
324,1,1,1,1,0,0,0,0,0,0,1,0,0,0,1,1,1,0,1,0,1,0,1,1,0,0,1,1,1,1,1,0,1,1,1,False
325,1,0,0,0,1,0,0,1,0,0,1,0,1,1,0,1,0,0,1,0,1,0,0,1,0,0,1,1,1,0,1,1,0,1,1,False
326,1,1,1,1,1,0,0,0,1,1,1,1,1,0,1,1,1,1,0,1,1,1,1,1,1,0,0,1,1,0,0,0,0,1,1,False
327,1,1,1,1,1,0,0,0,0,0,0,0,1,0,0,0,0,0,0,1,1,1,0,0,0,0,0,0,1,0,1,0,0,0,1,False
328,1,1,1,0,0,1,1,0,1,0,0,1,1,1,0,1,0,1,1,0,1,1,1,0,1,0,1,0,0,1,0,1,0,0,0,False
329,1,1,1,0,0,0,1,1,1,0,1,0,1,0,1,1,0,1,0,1,0,1,1,0,1,0,0,1,0,1,1,1,0,1,1,False
330,1,0,0,0,0,0,1,1,0,1,0,1,0,0,1,0,0,1,0,1,1,0,1,1,1,1,1,0,0,1,1,0,0,0,0,False
331,1,0,0,0,1,0,0,1,1,0,0,1,1,0,1,1,1,0,0,1,0,1,1,0,1,0,0,1,0,0,1,0,1,1,1,False
332,1,1,1,1,0,0,1,1,0,1,1,0,1,0,1,0,1,0,0,1,1,0,1,0,0,0,1,1,1,0,1,1,0,1,1,False
333,1,1,1,1,0,1,1,0,0,1,0,0,0,1,0,1,1,0,0,0,0,1,0,1,0,0,1,0,1,0,0,1,0,0,1,False
334,1,1,1,0,1,0,0,1,0,0,0,1,1,0,1,0,1,0,0,0,1,1,1,1,1,1,0,0,0,0,0,1,0,0,0,False
335,1,1,1,1,1,0,0,1,0,1,1,0,1,0,0,1,0,1,1,0,0,0,0,0,1,0,0,1,0,1,1,0,0,1,0,False
336,1,1,0,0,1,0,1,0,1,1,0,1,0,1,1,1,0,1,0,0,1,1,0,0,1,1,0,0,1,0,0,1,0,0,1,False
337,1,0,0,0,0,1,1,0,0,0,0,0,1,1,1,1,1,1,1,1,1,0,0,1,0,1,1,0,0,0,0,1,1,1,1,False
338,1,1,0,0,1,1,1,0,0,0,1,0,0,0,1,0,0,0,1,0,0,1,1,1,0,0,1,1,0,1,1,1,0,1,0,False
339,1,0,0,1,1,1,1,1,1,1,0,0,0,1,1,0,0,1,0,1,1,1,0,0,0,1,0,1,0,1,1,0,1,1,1,False
340,1,0,1,1,1,0,0,0,1,1,0,1,1,0,0,1,0,1,1,1,0,0,1,0,0,0,0,0,1,0,0,0,0,1,1,False
341,1,0,0,1,1,0,1,1,0,0,1,1,0,1,1,1,0,1,0,0,1,0,0,0,1,1,0,1,1,0,1,1,0,1,1,False
342,1,1,1,1,1,0,0,0,0,1,0,0,1,0,1,1,1,0,0,1,0,1,1,0,0,1,0,0,0,0,1,0,0,0,1,False
343,1,1,0,1,0,0,0,0,0,1,1,1,0,1,1,1,1,1,1,1,0,1,1,1,1,0,1,0,1,1,0,1,1,1,0,False
344,1,0,1,1,1,1,0,0,0,0,1,0,1,1,0,0,1,0,0,0,1,1,0,1,1,1,0,0,1,1,0,1,0,0,0,False
345,1,1,1,0,0,0,0,0,0,1,0,1,0,1,1,1,1,1,1,0,1,1,0,1,0,0,0,1,0,1,0,1,0,1,0,False
346,1,1,1,0,0,1,1,0,1,0,1,1,0,0,1,1,0,0,1,0,0,0,1,1,0,1,0,1,1,1,1,1,0,0,0,False
347,1,0,1,1,1,1,0,0,0,1,0,1,0,1,0,1,0,1,0,1,1,0,1,1,1,1,0,0,1,0,1,0,1,0,0,False
348,1,1,0,1,0,1,0,1,1,0,0,0,1,0,0,1,1,0,0,0,0,0,0,1,1,1,1,1,0,0,0,0,0,1,0,False
349,1,1,0,1,0,1,0,1,0,0,0,0,0,0,1,0,0,1,0,0,1,0,1,0,1,0,1,0,0,1,0,0,0,1,1,False
350,1,1,1,1,0,0,0,0,0,0,0,0,1,1,1,1,1,0,1,0,1,0,1,0,0,0,1,0,0,1,1,1,1,1,1,False
351,1,0,1,0,1,0,0,0,0,1,0,1,0,1,1,0,0,1,1,1,1,0,1,1,0,0,0,1,1,0,0,1,1,1,1,False
352,1,1,0,0,0,0,0,0,0,1,0,0,1,0,0,0,1,1,0,0,0,1,0,1,1,1,0,0,0,0,1,0,1,0,0,False
353,1,0,0,1,0,0,0,0,0,0,1,0,1,0,0,1,0,0,1,0,1,0,0,1,0,1,1,1,0,1,0,0,1,0,0,False
354,1,1,1,1,1,1,0,0,0,0,1,1,1,0,0,1,0,0,1,0,0,0,1,0,0,1,0,0,0,1,1,0,1,0,1,False
355,1,1,1,0,1,1,1,1,0,1,1,1,1,1,1,1,1,0,0,0,1,1,0,1,1,0,1,0,0,1,1,1,1,0,0,False
356,1,1,1,1,0,0,0,0,0,1,0,0,1,1,1,1,0,1,1,1,0,0,0,0,0,0,0,1,1,0,0,1,1,1,1,False
357,1,0,1,1,0,1,0,0,0,1,0,0,1,1,0,1,0,0,0,0,1,1,0,1,0,0,1,0,0,1,1,1,0,1,0,False
358,1,1,0,0,0,1,1,0,1,1,0,1,0,1,1,0,0,0,1,0,1,1,1,0,1,1,0,1,1,1,1,1,0,0,0,False
359,1,1,0,0,1,0,1,1,1,1,1,0,1,0,1,1,1,0,0,1,1,0,0,0,0,0,1,0,1,0,0,0,1,1,0,False
360,1,1,0,1,0,1,0,1,0,0,0,0,1,1,0,0,0,1,1,1,1,1,0,1,1,1,0,1,0,1,0,0,0,1,1,False
361,1,1,1,0,1,1,0,1,1,0,0,0,0,1,1,0,0,0,0,1,1,0,0,1,1,1,1,0,0,0,1,0,1,0,0,False
362,1,0,1,0,0,0,1,0,0,1,0,0,0,0,0,0,1,0,0,0,1,1,1,1,0,0,0,0,1,0,1,1,1,0,0,False
363,1,1,0,1,0,0,0,1,0,0,1,0,1,1,1,1,0,1,0,0,1,1,0,1,0,0,1,1,1,0,0,0,1,0,1,False
364,1,1,1,0,0,1,0,0,1,1,0,0,1,0,0,1,0,0,1,1,0,0,0,0,0,0,1,1,0,1,0,1,1,1,0,False
365,1,1,0,0,0,1,1,1,0,1,1,0,1,1,0,1,1,1,0,1,0,0,1,0,0,1,0,1,0,1,0,0,0,1,1,False
366,1,0,0,1,1,1,1,1,1,0,1,1,0,1,1,0,0,0,1,1,0,1,0,1,1,0,0,0,1,1,0,1,0,1,0,False
367,1,1,1,0,0,0,0,0,0,0,1,0,0,0,1,1,0,1,1,0,0,1,0,0,1,0,1,1,1,1,0,0,0,1,1,False
368,1,1,1,0,1,1,1,1,0,0,1,0,1,1,1,0,1,1,0,1,1,1,0,0,1,0,0,1,1,1,0,1,0,0,0,False
369,1,1,1,1,1,1,1,1,0,0,1,1,1,0,1,1,1,0,0,1,0,0,1,0,0,1,1,0,0,0,1,0,0,0,0,False
370,1,1,1,0,1,0,1,1,0,1,1,0,0,0,1,1,1,0,0,1,1,1,1,1,1,1,1,1,1,1,1,0,1,1,1,False
371,1,1,1,1,0,1,0,0,0,1,0,1,1,0,0,0,0,1,1,1,1,0,0,0,0,0,1,1,0,0,0,0,1,0,1,False
372,1,1,1,1,0,1,1,1,1,0,1,1,0,0,1,0,1,0,1,1,0,1,1,1,0,0,1,0,0,1,0,1,0,1,0,False
373,1,1,0,0,1,0,1,1,0,0,0,0,1,1,1,0,1,0,1,0,0,0,1,1,1,0,0,1,0,1,0,0,1,1,1,False
374,1,1,1,1,1,1,0,1,0,0,1,0,0,1,0,1,0,0,1,1,1,0,1,1,0,1,1,1,1,0,0,1,1,1,1,False
375,1,0,0,1,1,1,1,0,1,1,1,0,0,0,0,0,1,1,1,1,0,0,0,0,1,0,1,0,0,1,0,0,1,0,1,False
376,1,0,1,1,0,0,1,0,1,0,1,0,1,1,0,1,1,0,0,1,1,0,0,0,1,0,0,1,1,0,1,0,1,1,1,False
377,1,1,1,1,0,1,0,1,1,0,1,0,0,0,1,1,1,0,0,0,1,0,0,1,1,1,1,0,1,1,1,1,0,1,0,False
378,1,1,1,0,1,0,0,0,1,0,1,0,0,1,1,1,0,0,0,0,1,0,1,1,0,0,0,0,1,1,1,0,0,0,1,False
379,1,1,1,0,1,0,1,1,1,0,1,1,1,1,1,1,1,1,1,0,0,1,1,0,1,1,1,0,0,1,1,1,0,0,0,False
380,1,1,0,1,0,1,0,1,1,0,0,0,1,1,0,1,0,0,0,1,1,0,0,0,1,0,1,1,0,0,1,1,0,0,0,False
381,1,0,0,0,1,0,1,0,0,1,1,1,1,0,0,0,0,0,1,0,1,1,1,1,1,0,0,0,0,1,1,1,0,1,1,False
382,1,1,1,0,0,0,1,0,1,1,1,0,0,1,0,0,1,0,1,0,1,1,1,0,0,0,1,1,0,1,1,0,0,0,0,False
383,1,0,0,0,0,1,1,0,0,0,0,0,0,1,1,0,0,0,1,0,1,0,0,1,0,0,1,0,0,1,1,1,1,0,0,False
384,1,0,1,1,0,1,1,1,0,1,0,0,0,1,1,0,1,0,0,1,1,0,0,0,0,0,0,0,0,1,1,0,1,1,0,False
385,1,1,1,1,1,0,1,0,0,1,1,1,1,1,0,1,0,0,0,1,0,0,0,0,0,1,0,1,0,1,1,1,0,1,0,False
386,1,0,1,1,1,1,1,0,0,1,0,0,1,1,0,0,0,0,0,0,0,0,0,1,1,0,0,0,1,0,0,0,0,1,0,False
387,1,1,1,1,0,1,1,1,1,0,1,1,0,0,0,1,0,0,1,0,0,0,1,1,1,1,1,1,1,1,1,0,0,0,0,False
388,1,1,1,0,0,1,1,0,1,1,0,1,1,0,1,1,1,0,1,1,0,0,0,1,1,1,1,0,1,0,0,0,1,1,1,False
389,1,1,0,1,1,0,0,1,0,1,1,0,0,1,0,1,0,1,1,0,1,1,0,0,0,0,0,0,1,0,1,1,1,0,0,False
390,1,1,0,1,1,1,1,0,1,0,1,1,0,0,0,1,1,1,1,0,0,1,0,0,0,0,1,0,0,0,1,0,1,0,1,False
391,1,1,0,1,1,0,1,1,0,0,0,1,0,0,1,1,1,0,0,0,0,1,0,1,0,1,0,1,0,0,1,0,0,0,1,False
392,1,1,1,0,0,0,1,1,1,0,1,1,0,1,0,0,1,0,0,0,1,1,0,0,0,0,0,1,0,0,1,0,0,0,0,False
393,1,1,1,1,0,1,1,1,0,0,0,1,1,1,1,0,0,1,1,0,0,1,0,0,0,1,0,0,0,1,1,1,1,0,1,False
394,1,1,1,0,1,0,0,1,0,1,1,0,1,0,1,1,0,0,0,1,0,0,0,1,1,1,0,1,0,0,0,1,1,0,1,False
395,1,1,1,1,1,1,0,1,0,1,0,1,0,0,1,0,0,0,1,1,1,0,1,1,1,1,1,1,0,0,1,1,0,0,1,False
396,1,1,1,0,1,1,1,0,0,0,0,0,0,0,1,1,1,1,0,0,0,0,1,1,1,1,1,0,1,0,1,1,1,1,0,False
397,1,0,0,0,0,1,0,1,1,0,0,1,0,0,0,1,1,0,0,0,0,1,0,1,0,1,1,0,0,1,1,0,1,0,1,False
398,1,0,1,0,1,1,1,0,0,1,1,1,0,1,1,1,0,0,1,0,1,0,1,0,0,1,1,0,1,0,1,0,0,1,1,False
399,1,0,0,1,1,1,0,1,1,0,1,1,0,1,0,0,0,1,0,1,1,0,0,0,1,0,1,1,1,1,1,0,1,0,1,False
400,1,1,1,1,1,1,0,0,0,1,1,0,1,1,1,0,0,1,0,0,0,1,0,0,1,1,0,1,0,0,0,0,1,1,0,False
401,1,1,1,1,1,1,1,1,1,0,0,1,1,0,0,1,0,0,0,1,0,1,0,1,1,1,1,0,1,1,0,0,0,1,1,False
402,1,1,1,1,1,1,0,1,1,1,0,0,0,0,1,1,0,0,1,1,0,0,0,0,0,0,1,0,0,1,1,1,0,1,0,False
403,1,0,1,1,0,1,1,0,0,1,0,1,0,1,0,0,0,1,0,0,1,0,1,1,1,1,0,1,0,1,0,0,1,0,1,False
404,1,0,0,1,1,0,1,1,0,0,0,0,1,1,0,1,0,1,1,1,1,1,0,0,1,0,1,1,1,1,0,1,0,1,0,False
405,1,1,1,1,1,0,0,0,1,0,1,0,1,0,1,0,1,0,0,1,0,0,0,0,1,1,1,0,0,1,0,0,0,0,0,False
406,1,1,0,0,1,0,0,1,0,1,0,0,1,0,0,1,0,1,1,1,0,1,1,0,1,1,1,1,1,1,0,0,0,1,1,False
407,1,1,1,1,0,1,1,0,0,0,0,0,1,1,0,0,1,1,1,1,1,0,1,1,1,0,0,1,1,0,0,0,1,1,1,False
408,1,1,0,1,0,1,1,0,0,1,1,0,1,0,0,1,1,0,0,0,1,0,1,1,1,1,0,1,1,1,0,1,1,1,0,False
409,1,1,1,0,0,1,1,1,0,0,1,0,0,1,1,0,0,0,0,1,0,1,0,0,0,1,0,1,1,1,1,0,0,0,1,False
410,1,1,1,1,0,1,0,1,1,1,0,0,1,0,0,1,0,1,0,1,0,1,0,0,0,0,1,1,0,0,1,0,1,0,0,False
411,1,0,0,0,1,0,0,1,1,0,0,0,1,0,1,0,0,1,0,1,0,1,1,0,0,1,1,1,1,0,1,0,0,0,0,False
412,1,1,1,0,1,1,1,0,0,0,0,1,1,1,1,0,1,1,1,0,0,0,0,0,1,0,1,0,1,1,1,0,1,1,0,False
413,1,0,1,0,1,1,0,1,0,0,1,1,0,0,0,1,0,1,0,1,1,1,0,0,1,0,0,0,0,1,1,0,1,1,0,False
414,1,0,0,0,0,1,0,1,1,1,0,1,1,1,1,0,1,0,1,1,1,1,1,1,1,1,0,0,0,1,1,0,1,0,0,False
415,1,0,0,1,1,0,1,1,1,0,0,0,1,1,0,0,1,0,1,1,1,0,0,0,0,0,1,0,1,0,1,0,0,0,0,False
416,1,1,1,0,0,0,0,0,0,1,1,0,0,0,1,0,1,0,1,0,0,0,0,1,0,1,0,0,1,1,0,0,0,1,1,False
417,1,1,1,1,0,0,1,1,0,1,0,1,0,1,1,1,0,0,1,0,0,0,1,1,1,1,0,1,0,0,1,0,1,0,0,False
418,1,1,0,1,0,1,0,0,0,0,1,1,0,1,1,1,1,0,1,0,0,1,1,1,0,0,1,1,0,1,0,1,1,0,1,False
419,1,1,0,1,0,0,1,1,0,1,0,1,1,1,1,0,1,1,1,1,1,0,1,1,1,1,1,1,1,1,1,1,0,0,1,False
420,1,1,1,0,1,0,0,0,0,1,0,1,1,1,1,0,1,1,1,0,0,1,1,0,0,1,0,0,1,1,1,0,0,0,1,False
421,1,0,1,1,0,0,0,0,0,1,0,1,1,0,0,1,0,0,1,1,1,0,0,1,0,1,0,1,0,1,0,0,1,1,0,False
422,1,1,1,0,0,1,1,1,0,1,0,1,1,1,0,0,0,1,0,1,1,0,0,1,1,1,0,1,1,0,1,1,0,1,1,False
423,1,1,1,1,1,1,0,1,0,0,0,0,1,0,0,1,0,0,1,1,0,1,1,0,1,1,1,1,0,1,1,1,1,0,0,False
424,1,1,1,1,1,0,0,0,0,1,0,0,0,0,1,1,0,1,0,0,0,0,0,0,0,0,0,0,1,1,1,0,1,1,0,False
425,1,1,1,0,1,0,0,0,0,0,0,0,1,1,0,0,1,0,0,1,0,0,0,0,1,0,1,0,0,0,0,1,1,1,1,False
426,1,1,1,0,1,0,1,1,1,1,1,1,0,1,1,1,0,0,1,1,0,1,1,0,1,0,1,1,0,0,1,1,1,1,0,False
427,1,1,0,1,0,0,0,1,1,0,1,1,0,1,1,1,0,0,0,0,1,0,1,1,1,1,1,1,0,0,1,1,1,0,1,False
428,1,0,1,0,1,1,1,0,0,0,1,0,1,0,1,1,0,1,0,1,0,1,0,0,1,1,0,1,0,0,0,0,1,0,0,False
429,1,0,1,0,0,1,1,0,1,0,1,0,0,0,1,0,0,1,1,0,0,0,0,0,0,0,0,0,1,1,1,1,0,1,0,False
430,1,1,0,0,0,1,1,1,0,0,1,0,1,1,0,1,1,1,1,0,1,1,0,1,1,1,0,0,0,0,0,1,1,0,1,False
431,1,1,0,1,0,1,0,1,1,0,0,1,0,1,0,1,1,0,0,1,0,0,0,1,1,0,0,1,0,0,0,0,1,1,1,False
432,1,1,0,1,1,0,1,0,0,0,1,1,0,0,0,0,1,1,0,1,1,0,0,0,1,0,0,0,0,0,0,1,1,0,1,False
433,1,0,0,0,0,1,0,1,0,1,0,0,0,0,0,0,0,0,0,1,1,1,1,0,1,1,0,0,1,1,0,0,0,1,1,False
434,1,1,0,1,1,0,1,1,0,1,1,1,0,1,0,0,0,1,1,0,0,0,1,0,1,1,1,1,1,1,0,0,1,0,0,False
435,1,0,1,1,0,0,0,0,1,1,1,0,0,1,1,0,1,1,0,1,1,1,1,0,1,1,0,1,1,1,0,0,1,1,1,False
436,1,1,1,1,1,1,1,0,1,1,1,1,1,1,0,0,1,1,1,1,1,1,0,0,1,0,0,0,0,1,1,1,1,1,0,False
437,1,0,0,0,0,1,0,1,1,0,0,0,0,1,0,0,0,0,0,0,0,0,0,0,0,1,1,0,1,0,0,0,1,0,1,False
438,1,1,0,1,1,0,0,0,0,0,0,1,0,0,0,0,0,0,1,1,1,0,1,1,0,0,0,1,0,0,1,0,1,1,1,False
439,1,1,1,0,0,1,0,0,0,0,0,0,1,1,0,1,0,1,0,0,0,0,1,1,1,0,1,0,1,1,0,1,0,0,0,False
440,1,1,0,0,1,0,1,1,1,1,1,1,0,1,1,0,1,0,1,0,1,1,1,1,1,1,0,0,1,1,1,1,0,1,0,False
441,1,1,1,1,0,0,0,1,1,1,0,0,1,1,1,1,0,1,1,1,0,0,0,0,1,0,1,0,0,1,0,0,1,1,1,False
442,1,1,1,1,1,1,1,1,1,0,1,1,0,0,0,1,0,1,1,0,0,1,1,1,1,1,0,1,1,0,0,0,0,0,1,False
443,1,1,1,0,1,1,0,0,1,1,1,1,1,1,1,0,0,0,1,0,0,1,0,1,0,1,0,1,0,1,0,1,0,1,0,False
444,1,1,1,1,0,0,1,0,1,0,0,0,0,0,1,1,1,1,1,1,1,0,0,0,0,1,0,0,1,0,1,0,0,0,1,False
445,1,1,0,1,0,0,1,1,1,0,0,0,1,1,1,0,0,1,0,0,0,0,0,0,1,0,0,0,1,0,0,0,0,1,0,False
446,1,0,1,1,0,1,1,0,0,0,0,1,0,1,0,0,1,1,1,0,0,1,1,1,0,0,0,1,0,1,0,0,0,1,0,False
447,1,1,0,1,0,0,1,0,0,1,1,0,1,0,0,0,0,1,1,1,0,1,1,0,0,0,0,0,0,0,1,1,1,1,1,False
448,1,0,1,0,0,0,0,1,1,0,0,0,1,1,0,1,0,1,1,0,0,0,0,0,0,1,1,1,0,0,0,0,0,1,1,False
449,1,1,1,0,1,1,1,1,0,0,1,1,0,1,0,1,1,1,1,0,0,0,0,1,0,1,0,0,0,0,0,1,0,1,0,False
450,1,0,1,1,0,1,1,1,1,0,0,0,1,0,1,1,0,0,1,0,0,1,0,1,0,0,1,0,0,0,1,1,0,1,1,False
451,1,1,0,0,1,1,1,0,0,1,0,1,1,1,1,0,0,1,1,0,0,0,1,0,1,1,1,0,1,0,0,0,1,1,1,False
452,1,1,1,1,1,1,0,1,1,0,0,1,0,0,0,1,1,1,1,0,1,1,1,0,1,0,0,0,1,1,0,0,0,1,1,False
453,1,1,1,1,1,1,0,1,0,1,0,0,0,1,0,1,0,0,1,1,1,0,1,1,0,0,1,1,0,1,1,1,1,1,0,False
454,1,1,1,0,0,1,0,1,0,0,0,1,1,1,1,0,1,1,1,0,0,1,1,0,1,1,1,1,1,0,1,1,1,1,1,False
455,1,1,1,1,0,1,0,0,1,0,0,1,1,1,0,1,1,1,1,0,1,0,1,0,0,1,0,1,0,1,1,0,0,0,1,False
456,1,1,1,1,1,1,0,0,0,1,1,1,0,1,0,1,1,0,1,0,0,1,1,1,1,1,1,0,1,0,1,0,0,1,0,False
457,1,1,0,1,1,0,0,1,1,1,0,0,0,0,0,0,1,0,0,1,0,0,0,0,0,1,0,1,1,0,0,0,0,0,0,False
458,1,1,0,1,1,1,1,1,1,0,1,1,0,1,1,0,1,1,1,1,1,1,1,1,0,1,1,1,0,1,0,1,0,0,0,False
459,1,1,1,1,1,0,1,0,0,1,0,1,1,1,0,1,0,1,1,1,1,0,0,0,1,0,1,0,1,0,1,1,1,0,0,False
460,1,0,0,1,1,0,0,0,0,1,1,1,1,0,0,1,0,0,1,1,1,0,0,1,1,1,0,0,1,1,0,0,0,1,1,False
461,1,1,1,0,1,0,1,1,1,0,0,1,1,0,0,1,1,1,1,0,1,0,1,0,1,1,0,0,1,1,0,0,1,1,0,False
462,1,1,0,1,1,0,1,0,0,1,1,1,0,1,0,0,0,1,0,1,1,1,0,0,0,0,0,0,0,1,1,0,0,0,1,False
463,1,0,0,1,0,0,0,0,0,0,0,0,1,0,0,0,1,0,1,1,0,1,0,1,1,0,0,0,0,1,0,1,0,0,1,False
464,1,0,0,1,0,1,1,0,0,1,0,1,1,1,1,0,0,1,1,1,0,0,1,1,1,0,1,1,0,0,1,0,1,0,1,False
465,1,1,0,0,0,1,0,1,0,0,1,1,1,0,1,0,1,0,1,0,1,0,1,1,1,1,0,1,1,0,1,1,0,0,1,False
466,1,1,0,1,1,0,0,1,0,0,1,1,1,1,0,0,0,1,0,1,0,0,1,0,1,0,0,0,0,1,1,0,1,1,1,False
467,1,1,1,1,1,1,1,1,1,1,1,0,0,1,0,0,0,1,1,0,1,0,1,0,0,0,0,1,1,0,0,0,1,0,1,False
468,1,1,1,0,1,1,1,1,1,1,1,0,0,1,0,1,0,1,1,0,0,1,0,1,0,1,0,1,1,1,1,1,0,0,1,False
469,1,0,1,0,1,0,1,0,0,1,0,1,1,1,0,1,1,1,0,0,1,0,0,0,1,0,0,0,0,0,1,0,0,1,1,False
470,1,1,0,1,0,0,1,1,1,1,1,1,0,0,0,1,0,1,1,0,0,1,1,0,0,1,1,1,0,1,1,1,0,1,0,False
471,1,1,1,0,0,0,1,1,0,0,1,0,0,0,1,0,0,1,1,1,1,1,1,0,1,1,1,0,0,0,1,1,1,1,1,False
472,1,1,1,0,1,1,1,0,1,0,1,1,0,0,1,0,0,0,0,1,1,1,1,1,0,0,1,1,1,0,0,1,1,0,1,False
473,1,1,1,0,1,0,1,1,1,0,0,1,0,1,0,1,0,1,0,0,0,1,1,0,0,1,1,1,0,1,0,0,1,0,0,False
474,1,1,1,0,1,0,1,0,1,0,1,0,1,0,1,0,0,0,0,1,1,0,1,0,1,0,1,1,0,0,0,1,0,1,1,False
475,1,1,1,0,0,1,0,1,0,0,1,1,1,0,1,1,1,0,0,1,1,0,1,0,0,0,1,0,1,1,1,1,0,1,0,False
476,1,1,0,0,1,0,1,1,1,0,0,1,0,0,0,1,0,1,1,0,0,0,0,1,1,1,1,1,0,1,1,0,1,0,1,False
477,1,0,1,0,1,1,0,1,1,0,1,1,0,1,1,1,0,1,1,0,1,1,1,0,0,1,0,0,0,0,1,1,0,0,1,False
478,1,1,1,0,1,1,0,0,0,1,0,0,1,0,1,1,1,1,1,0,1,0,1,1,0,1,0,0,1,1,1,1,0,1,0,False
479,1,1,1,1,1,0,0,1,1,1,1,1,0,1,1,1,0,1,0,0,1,0,1,0,0,1,0,1,0,0,1,0,0,0,0,False
480,1,1,0,1,1,0,1,1,0,0,1,0,0,1,1,0,0,0,1,0,0,1,1,1,0,1,1,1,1,0,1,1,1,1,1,False
481,1,1,1,1,1,1,0,0,0,1,0,0,1,0,0,1,1,1,0,1,0,0,1,1,1,1,0,0,1,0,0,0,0,1,0,False
482,1,1,1,0,0,1,0,1,0,1,0,1,0,0,1,0,0,1,1,1,1,0,0,0,0,1,1,0,1,1,0,0,0,0,1,False
483,1,0,0,1,1,0,0,0,1,1,1,1,0,1,1,1,1,0,1,0,1,1,1,1,1,0,1,0,0,1,0,0,0,0,0,False
484,1,1,0,1,0,0,1,1,1,0,0,0,1,0,0,1,0,0,1,0,0,1,0,0,1,0,0,1,1,0,1,0,1,0,0,False
485,1,1,1,0,1,0,0,0,0,0,1,0,0,1,1,0,1,0,1,1,1,0,1,1,0,0,0,1,0,1,0,0,0,0,1,False
486,1,0,1,0,1,0,0,0,1,0,0,0,1,1,0,1,0,1,1,1,1,1,0,0,1,1,1,1,1,0,1,1,0,1,0,False
487,1,1,0,1,1,0,0,0,1,0,0,0,1,0,0,1,1,0,0,1,1,0,1,1,1,0,1,0,0,0,0,0,0,0,0,False
488,1,1,0,0,0,0,0,0,0,1,0,1,1,1,1,1,1,1,1,1,1,1,0,0,0,1,1,1,1,1,0,1,1,0,0,False
489,1,1,1,1,1,1,1,1,1,0,0,1,0,0,1,1,0,1,0,0,1,1,1,1,0,0,1,0,0,1,1,1,0,0,1,False
490,1,1,0,0,1,0,0,0,1,1,0,1,1,1,1,1,1,1,0,0,0,0,0,0,1,1,0,1,1,0,1,0,0,1,0,False
491,1,1,0,0,1,1,1,0,1,1,0,0,1,1,1,0,0,1,0,1,1,0,0,1,0,0,0,1,0,0,1,1,1,0,0,False
492,1,1,0,1,1,0,0,0,1,0,1,1,1,0,1,0,1,0,1,0,0,0,1,0,0,0,0,1,0,0,1,1,0,0,0,False
493,1,1,0,1,0,0,1,0,0,0,0,1,0,1,0,0,1,0,1,1,0,0,0,1,1,1,0,0,1,1,1,1,1,1,0,False
494,1,1,0,1,1,1,1,1,0,0,1,1,0,1,1,1,0,1,1,1,0,0,0,1,0,1,1,0,1,1,1,0,0,1,0,False
495,1,0,1,1,1,1,0,0,1,1,0,1,0,0,0,0,1,0,1,0,0,1,1,1,0,0,0,1,0,1,1,1,1,0,0,False
496,1,1,0,0,0,1,0,1,1,1,1,1,1,1,1,1,0,0,1,1,1,1,0,1,1,1,1,0,0,0,1,1,0,1,0,False
497,1,1,1,1,1,1,1,1,0,1,0,0,1,0,1,0,0,1,0,1,1,0,1,0,0,1,0,1,0,0,1,1,0,0,1,False
498,1,0,0,0,0,1,1,0,0,1,0,0,0,1,1,0,1,1,0,0,0,0,1,1,0,0,1,1,0,1,1,1,1,1,0,False
499,1,1,1,1,1,1,0,0,1,0,1,0,1,0,0,1,0,1,1,0,1,1,1,0,0,0,1,1,0,0,0,0,1,0,1,False
500,1,0,1,0,0,1,0,0,1,1,1,0,1,0,0,1,1,0,0,1,0,0,0,1,0,1,1,0,0,0,1,1,0,0,1,False
501,1,1,1,0,1,1,1,1,0,1,1,0,1,0,0,0,1,1,0,0,0,0,1,0,0,1,0,1,1,1,0,0,0,0,1,False
502,1,1,1,0,1,1,1,1,1,0,1,1,0,1,0,1,0,1,1,0,0,0,0,0,1,1,1,0,1,1,1,1,1,1,1,False
503,1,1,1,1,0,0,0,1,0,0,0,0,1,1,1,1,0,0,1,0,1,1,1,0,1,1,1,0,1,1,1,0,0,1,0,False
504,1,1,0,0,1,1,1,1,1,1,1,1,1,0,1,0,1,0,1,1,1,1,0,0,1,0,0,0,0,0,1,0,1,1,0,False
505,1,1,0,0,1,0,1,1,1,1,1,1,0,0,1,1,0,0,1,0,0,1,0,1,1,1,0,1,1,0,0,1,1,1,1,False
506,1,1,1,0,0,0,0,0,1,0,0,0,1,1,0,0,0,1,1,1,0,0,1,1,1,1,0,0,1,0,0,0,1,0,1,False
507,1,1,1,1,1,1,1,1,1,0,0,1,0,1,0,0,1,1,0,0,0,1,1,1,1,0,1,1,1,0,0,0,0,1,0,False
508,1,1,0,0,1,1,0,0,0,0,0,0,0,1,0,1,1,1,0,0,1,0,1,0,0,0,0,0,0,1,1,1,0,1,0,False
509,1,1,0,0,1,0,0,0,0,1,0,1,0,0,1,1,1,1,0,1,0,1,1,0,1,1,0,0,1,0,0,0,1,0,1,False
510,1,0,1,1,1,1,0,0,0,1,0,0,1,0,1,0,1,1,0,0,1,1,1,0,1,0,1,0,0,1,1,1,0,1,0,False
511,1,1,0,1,1,0,0,0,1,1,1,1,0,1,1,1,0,1,1,1,1,1,0,1,0,1,1,1,0,1,1,1,0,0,1,False
512,1,1,1,1,1,0,0,0,1,1,0,0,0,1,1,0,1,1,1,1,1,0,1,0,1,1,1,1,1,1,1,0,0,1,1,False
513,1,1,1,1,0,1,0,1,1,0,1,1,0,1,1,1,1,1,0,1,0,0,1,1,0,0,0,0,1,1,1,0,0,1,1,False
514,1,1,1,1,1,1,1,1,1,0,1,1,0,0,0,0,1,1,1,1,0,1,0,0,1,1,0,1,1,0,0,1,1,0,0,False
515,1,1,1,0,0,0,1,1,0,0,0,1,1,1,1,1,0,0,0,1,0,0,0,0,1,0,1,1,1,0,0,0,0,0,1,False
516,1,1,0,0,1,0,0,1,0,0,0,1,0,0,0,0,1,1,1,1,1,0,1,0,0,1,1,1,0,1,1,1,1,1,1,False
517,1,1,1,1,1,0,1,1,1,1,0,0,0,1,0,0,1,1,0,0,0,1,1,1,0,1,1,0,0,1,1,0,0,0,0,False
518,1,1,1,1,0,1,1,0,1,1,0,0,1,0,1,0,1,1,0,1,1,0,0,0,1,0,1,0,1,1,1,1,0,1,1,False
519,1,1,1,1,1,0,0,0,0,0,0,1,0,0,1,0,1,0,0,1,0,1,1,1,1,0,1,1,0,0,1,0,0,0,1,False
520,1,1,1,0,0,1,0,1,0,1,0,0,0,0,1,1,0,0,1,0,1,0,0,1,0,0,0,1,1,1,0,1,1,1,0,False
521,1,0,1,0,1,0,1,1,1,0,1,0,1,1,0,1,1,0,1,1,1,1,1,1,0,1,0,1,1,0,1,0,1,1,0,False
522,1,1,1,1,1,1,0,0,0,1,1,1,1,0,1,0,0,0,0,1,1,0,0,0,1,0,0,0,0,1,1,1,1,0,1,False
523,1,1,0,0,1,1,0,0,0,0,0,1,1,0,1,0,0,0,1,1,0,0,0,0,0,0,1,1,0,0,1,0,0,0,1,False
524,1,1,1,0,1,1,0,1,0,0,0,0,0,1,0,0,1,0,1,0,1,0,1,1,1,1,0,0,1,0,0,1,1,1,0,False
525,1,1,1,1,1,1,0,0,0,1,1,0,1,1,1,1,0,0,1,0,0,0,0,0,1,0,1,0,1,1,0,1,0,1,1,False
526,1,1,1,0,1,0,0,0,1,1,1,1,1,1,1,0,0,1,0,1,1,0,1,1,1,1,1,1,1,1,1,1,0,0,0,False
527,1,0,1,1,0,0,1,0,1,1,1,0,0,1,0,1,0,1,0,0,1,0,0,1,0,1,1,0,1,0,1,1,1,1,1,False
528,1,1,0,0,0,0,0,1,0,1,0,0,0,1,0,0,0,1,0,1,1,0,0,0,1,0,1,0,1,1,1,1,1,0,0,False
529,1,1,0,0,0,1,1,1,1,1,1,0,1,1,0,0,1,1,0,1,1,1,1,0,0,1,0,0,0,0,0,1,0,1,1,False
530,1,1,1,1,0,0,0,1,0,1,1,0,0,0,0,0,0,0,1,1,0,0,0,1,1,1,0,0,0,1,1,0,0,1,1,False
531,1,1,1,0,0,1,1,1,1,0,0,1,0,1,1,0,0,1,1,1,1,1,0,1,0,1,1,1,0,0,1,0,1,0,0,False
532,1,1,1,1,1,0,0,1,0,0,1,0,0,0,1,0,1,1,0,1,0,1,0,0,0,1,0,1,1,0,0,1,0,1,1,False
533,1,1,0,0,0,0,1,1,0,1,0,0,0,1,0,0,0,1,0,1,1,0,1,0,0,1,0,0,0,0,0,0,1,1,0,False
534,1,1,1,1,1,0,0,1,0,1,0,1,1,1,1,1,0,1,0,1,1,1,1,0,1,1,0,1,1,0,0,0,1,1,1,False
535,1,1,1,0,0,1,1,1,1,1,1,0,1,0,0,0,0,1,0,0,1,0,1,0,0,0,0,1,0,1,1,1,1,1,1,False
536,1,0,0,0,1,1,0,0,1,0,0,1,1,1,0,1,1,0,0,0,0,1,1,1,1,0,0,0,1,0,1,1,0,1,1,False
537,1,1,0,1,0,0,1,1,0,1,1,0,0,1,1,0,1,0,1,1,0,0,1,1,1,0,1,0,1,1,1,0,0,1,0,False
538,1,0,0,0,1,1,0,1,0,1,0,1,0,1,1,0,1,0,0,0,0,0,0,1,0,0,1,1,1,1,1,0,1,1,1,False
539,1,0,1,1,0,1,0,1,0,0,1,0,0,1,1,1,1,1,0,0,1,0,1,0,1,0,0,1,0,0,1,1,0,0,0,False
540,1,1,0,1,1,1,0,0,1,1,0,1,1,0,0,1,0,1,1,0,1,0,1,0,1,0,0,1,1,1,0,1,1,1,1,False
541,1,1,1,1,1,1,1,0,1,0,1,1,1,0,0,1,1,0,0,0,1,0,0,0,1,0,0,0,1,1,1,1,0,0,0,False
542,1,1,0,1,1,1,0,1,0,1,0,0,1,0,0,0,0,0,0,1,0,0,0,1,1,0,1,0,0,0,0,1,1,0,1,False
543,1,1,1,0,1,0,1,1,1,1,1,0,1,1,0,1,1,0,1,0,0,1,0,1,0,1,1,0,1,0,1,0,1,1,0,False
544,1,1,1,1,1,1,1,1,0,1,0,1,0,1,0,1,0,0,0,0,0,0,0,1,1,0,0,1,1,0,0,1,0,1,0,False
545,1,0,0,0,1,0,1,1,0,0,1,1,0,1,0,1,1,1,0,0,0,1,1,0,0,0,0,0,0,0,1,1,1,0,1,False
546,1,1,1,1,0,1,0,0,0,0,1,0,1,0,1,1,1,0,1,1,0,1,1,1,1,1,1,0,0,1,0,0,0,0,0,False
547,1,1,1,0,0,0,0,1,1,0,0,1,1,1,1,0,0,1,1,1,0,0,1,0,1,1,0,0,1,0,0,1,1,0,1,False
548,1,1,0,1,0,0,1,0,1,0,1,1,1,0,0,1,1,0,0,0,0,0,0,0,1,1,1,0,1,1,0,0,1,0,1,False
549,1,1,1,1,0,1,1,1,0,1,1,0,0,0,0,1,1,1,1,1,1,0,1,0,1,0,0,1,0,0,0,1,0,0,0,False
550,1,1,1,1,1,0,1,1,0,0,0,1,0,1,1,0,0,1,1,1,0,0,1,0,1,0,1,0,1,1,1,0,1,0,1,False
551,1,0,0,0,0,1,0,1,0,0,0,1,0,1,0,0,0,0,0,0,0,1,1,1,1,0,1,0,1,1,0,0,0,1,1,False
552,1,1,1,1,0,1,1,1,1,1,0,0,0,1,1,1,1,1,1,1,1,1,0,0,1,0,1,0,1,1,1,0,1,0,1,False
553,1,0,0,0,1,1,1,1,0,1,0,1,1,0,0,1,1,0,0,0,0,1,0,0,1,1,0,1,0,1,1,0,1,1,0,False
554,1,1,1,0,1,1,0,0,1,1,0,0,0,1,0,1,0,1,0,1,1,0,1,1,0,1,0,1,0,1,0,1,0,0,0,False
555,1,0,0,0,1,1,0,1,0,1,1,0,0,0,0,0,1,1,1,1,1,1,1,0,1,1,0,1,0,1,1,0,1,1,1,False
556,1,1,0,0,1,1,1,1,1,0,0,1,1,0,0,0,0,0,0,0,1,1,1,0,0,1,1,1,0,1,1,1,1,1,1,False
557,1,1,1,0,1,1,1,0,1,1,1,0,1,1,1,0,1,1,0,1,1,0,1,0,0,0,0,0,0,1,1,0,0,0,0,False
558,1,1,0,0,0,1,0,1,1,0,0,1,0,0,1,1,0,0,1,1,0,1,1,1,1,1,1,1,0,1,1,1,1,1,0,False
559,1,1,1,0,1,1,1,1,0,1,1,0,1,0,1,0,1,0,0,0,1,1,0,1,1,1,0,0,0,1,1,1,0,1,0,False
560,1,0,0,1,1,1,1,0,1,0,0,1,1,0,0,0,0,1,1,1,0,1,0,0,0,1,1,1,1,1,1,0,0,0,0,False
561,1,1,0,0,1,1,0,1,1,1,0,1,1,0,0,0,1,0,0,1,0,0,1,1,1,0,0,0,0,1,1,0,1,1,0,False
562,1,1,1,1,0,0,0,1,1,1,1,0,0,1,0,0,0,1,0,0,1,1,1,0,0,1,0,0,0,0,0,1,0,1,1,False
563,1,1,1,1,1,1,1,1,1,0,0,0,1,0,0,1,0,0,1,1,0,0,1,0,1,0,0,0,1,1,1,1,1,1,0,False
564,1,0,1,1,1,1,0,1,0,1,0,1,0,1,1,1,0,0,0,0,0,1,0,0,0,0,1,1,1,0,1,0,1,0,1,False
565,1,1,1,0,0,0,1,0,1,0,1,1,1,1,1,1,0,0,1,0,1,0,1,1,0,1,0,0,1,1,0,1,0,1,0,False
566,1,1,0,0,1,1,1,0,1,0,0,1,0,1,1,1,1,1,0,1,1,0,1,1,0,1,1,0,0,1,0,0,0,0,0,False
567,1,1,0,0,0,0,0,0,0,0,0,0,0,1,1,0,1,0,0,1,0,1,1,1,0,0,0,0,0,0,1,0,0,1,1,False
568,1,1,1,1,1,0,1,1,0,0,1,0,0,1,0,0,1,0,0,1,1,1,0,0,1,1,1,0,1,1,0,0,1,1,0,False
569,1,1,1,1,1,0,1,0,1,0,0,0,0,1,1,1,0,1,1,0,1,0,1,0,0,0,0,1,0,1,1,1,1,1,1,False
570,1,1,0,1,0,0,0,1,0,0,0,1,0,0,1,0,0,0,1,0,0,1,1,0,1,1,1,0,1,1,1,1,1,1,0,False
571,1,1,1,1,1,1,1,1,0,0,0,1,0,0,0,1,1,1,1,0,1,0,0,0,0,1,0,0,0,0,0,1,0,1,0,False
572,1,1,0,0,1,1,0,1,0,0,1,0,0,0,1,0,0,0,1,1,0,1,0,1,1,1,0,0,1,0,0,1,0,0,0,False
573,1,1,1,1,1,0,1,1,0,0,0,0,1,0,1,0,1,0,1,0,1,1,0,1,1,1,1,0,0,1,1,0,0,1,1,False
574,1,1,1,1,0,1,0,1,1,0,0,0,0,1,1,1,1,0,0,0,1,0,0,1,1,1,1,1,1,0,1,1,1,1,0,False
575,1,1,0,0,1,0,0,1,0,1,0,1,0,0,1,1,1,0,1,0,0,0,0,0,1,1,0,0,0,1,0,1,1,1,1,False
576,1,1,0,1,0,0,0,0,1,1,1,1,1,0,0,0,0,1,1,1,0,1,0,0,1,0,1,1,1,0,1,0,0,0,1,False
577,1,0,0,1,1,0,1,0,0,0,0,1,0,0,0,0,1,1,1,0,0,0,0,0,1,0,1,0,0,1,1,0,0,0,0,False
578,1,1,1,1,0,0,1,1,1,1,0,0,0,1,0,0,0,1,1,0,1,1,0,1,0,0,0,1,0,0,0,1,0,1,0,False
579,1,1,0,0,0,0,0,0,1,0,1,0,0,0,0,1,0,1,0,1,0,1,1,1,1,1,0,0,0,0,0,0,0,0,1,False
580,1,1,0,0,0,0,1,1,1,1,0,1,0,1,1,1,1,0,0,0,0,1,0,1,0,0,0,1,0,1,0,1,0,0,1,False
581,1,1,1,0,0,0,0,1,0,0,1,1,1,1,0,0,0,0,1,0,1,1,0,0,0,0,0,1,1,1,0,1,0,0,0,False
582,1,1,0,0,0,0,1,0,1,1,0,0,1,1,0,1,0,1,0,0,0,1,0,0,0,1,1,0,1,0,0,0,1,0,0,False
583,1,1,1,0,1,0,1,0,1,0,1,0,1,0,0,0,1,0,0,0,1,1,0,0,1,0,0,0,0,0,1,0,0,0,0,False
584,1,0,1,1,0,1,1,0,0,0,0,1,1,1,0,1,0,0,1,0,0,0,0,1,0,1,0,1,1,1,0,1,1,1,1,False
585,1,0,0,1,0,0,1,1,0,1,0,0,1,0,1,0,0,1,1,0,0,0,0,0,0,0,1,0,1,1,0,0,0,1,0,False
586,1,1,1,1,0,0,0,0,0,1,0,0,1,0,1,1,0,0,0,0,0,0,1,1,1,1,0,0,0,1,1,1,1,0,1,False
587,1,0,1,0,1,1,0,0,0,1,0,1,1,0,0,0,1,0,1,0,1,1,0,0,1,0,1,1,1,1,1,0,0,0,0,False
588,1,1,0,0,0,1,0,0,0,1,1,1,0,0,1,0,1,1,0,1,1,1,1,1,0,0,1,1,1,1,1,1,1,1,1,False
589,1,1,0,1,0,0,0,0,1,0,1,0,0,1,1,0,0,1,0,0,1,0,0,0,1,0,0,1,0,1,1,1,1,1,1,False
590,1,1,1,0,1,1,0,1,0,0,1,0,1,0,0,1,0,1,0,0,0,1,0,0,0,1,1,1,1,0,0,1,1,1,1,False
591,1,1,0,0,0,1,1,0,1,1,0,1,0,0,0,1,0,0,1,0,0,1,1,1,1,1,0,1,1,1,0,0,1,1,1,False
592,1,1,0,1,0,0,1,0,1,1,0,0,1,0,1,0,1,1,1,1,1,1,1,1,1,0,1,0,1,0,1,1,0,0,1,False
593,1,0,1,1,0,1,0,1,1,0,1,1,0,0,0,1,0,1,1,1,0,1,0,0,1,1,0,1,1,1,0,0,0,1,1,False
594,1,1,1,1,1,0,1,1,0,0,1,0,0,0,1,1,0,0,1,0,1,0,0,1,1,1,0,0,1,0,0,1,1,1,0,False
595,1,1,0,1,1,0,1,1,0,0,1,1,0,0,1,1,0,1,1,0,0,0,0,1,1,0,0,1,1,0,0,0,1,1,1,False
596,1,1,1,1,1,1,0,0,1,0,0,1,1,1,1,0,0,0,0,0,1,1,1,1,1,1,0,1,1,0,1,1,1,0,1,False
597,1,1,1,0,0,0,1,1,0,0,1,1,1,0,1,1,0,0,1,0,1,0,0,0,1,1,1,1,0,0,0,0,1,0,1,False
598,1,0,0,0,1,1,1,1,0,0,0,0,0,0,1,0,1,1,1,1,1,0,0,0,1,1,0,0,1,0,0,0,0,0,0,False
599,1,1,1,1,1,1,1,0,0,1,1,0,1,1,0,0,0,1,1,1,1,0,0,0,0,1,0,1,0,1,1,1,1,0,1,False
600,1,1,1,1,1,1,1,1,0,1,0,0,0,1,1,0,1,1,1,0,1,0,1,1,0,0,0,0,0,0,0,0,0,1,1,False
601,1,1,1,1,1,0,1,0,0,1,1,1,1,1,1,0,0,0,0,0,0,1,0,0,0,0,0,0,1,0,1,0,1,1,0,False
602,1,1,1,1,1,0,1,0,1,0,1,0,0,0,0,1,1,0,1,1,0,1,1,0,0,1,1,1,0,0,1,1,0,1,0,False
603,1,0,1,1,1,1,1,0,1,1,0,1,0,0,1,0,0,1,0,1,0,0,0,0,1,0,1,0,1,1,0,1,1,0,0,False
604,1,1,0,1,0,1,0,0,0,0,1,0,0,0,1,0,1,0,1,1,0,1,0,1,0,0,1,0,0,1,1,0,0,0,0,False
605,1,1,1,1,0,1,1,0,0,1,0,0,0,0,1,1,1,1,0,0,1,0,0,1,1,1,1,0,0,0,0,0,1,1,1,False
606,1,1,1,0,0,0,1,1,1,0,0,0,1,0,1,1,1,1,1,0,0,1,1,1,1,1,0,0,1,1,1,0,1,0,0,False
607,1,1,1,0,1,1,0,0,0,0,1,1,1,0,1,0,0,0,1,1,0,1,0,0,1,0,0,1,0,0,1,1,0,0,0,False
608,1,0,1,1,1,0,0,0,0,1,1,1,1,1,1,0,1,0,1,0,1,0,1,0,1,1,1,1,0,0,1,1,0,1,1,False
609,1,1,1,0,1,1,0,1,1,1,0,0,1,1,0,0,0,0,0,0,0,0,0,1,0,0,0,1,0,0,0,1,0,1,1,False
610,1,1,1,1,0,0,0,1,1,0,0,1,1,0,0,1,0,1,1,0,1,1,1,0,1,1,1,0,1,0,0,0,1,1,1,False
611,1,1,1,1,1,1,0,1,1,1,1,1,0,1,0,0,1,0,1,0,1,1,0,1,0,0,0,0,0,0,1,1,1,0,0,False
612,1,0,1,1,1,1,0,1,0,0,0,1,0,0,0,1,0,1,1,0,1,1,1,1,0,0,0,1,0,1,1,1,1,1,0,False
613,1,1,0,0,0,0,0,0,1,0,1,1,1,0,0,0,0,1,0,0,0,0,1,1,0,0,0,1,1,1,0,1,1,1,0,False
614,1,1,1,1,1,0,0,1,0,0,1,0,0,1,0,0,1,1,1,0,1,0,1,1,0,0,0,1,0,1,0,1,0,0,1,False
615,1,1,0,0,0,1,0,1,0,1,1,1,1,1,1,0,1,0,0,0,1,0,1,0,0,1,1,1,0,1,0,0,0,0,0,False
616,1,1,0,1,1,1,1,0,0,1,0,0,1,1,1,0,1,0,1,1,1,1,1,1,1,1,0,1,0,0,0,0,0,0,0,False
617,1,0,0,1,1,1,0,0,1,0,1,0,1,1,1,0,0,0,0,1,1,1,0,0,1,0,1,0,1,1,0,1,0,1,1,False
618,1,0,0,1,0,1,0,0,0,1,0,0,0,0,0,1,1,1,1,1,0,0,1,1,0,1,1,0,0,0,0,0,0,1,1,False
619,1,1,1,1,1,0,0,1,0,1,0,1,0,1,1,0,0,1,0,1,1,1,0,0,1,0,1,1,0,1,1,1,1,1,0,False
620,1,1,1,1,1,1,1,1,0,0,0,0,1,0,1,1,0,0,0,0,1,0,0,1,0,0,0,0,0,0,0,0,0,0,1,False
621,1,1,1,0,1,1,1,0,1,1,1,0,1,0,1,0,0,1,0,1,1,0,0,1,0,0,0,1,0,0,1,1,1,1,0,False
622,1,1,1,1,1,1,0,0,1,1,0,0,0,1,0,0,0,0,1,0,1,1,1,0,0,1,1,0,1,0,1,1,0,0,1,False
623,1,1,0,0,1,1,0,0,0,1,1,0,1,0,1,0,1,1,1,0,1,1,1,0,1,1,0,1,0,1,0,0,1,1,0,False
624,1,1,1,1,1,0,0,1,1,0,1,1,1,0,1,1,1,0,1,1,1,1,1,1,1,1,0,0,1,1,1,1,0,1,0,False
625,1,1,0,0,0,0,0,0,1,0,0,0,1,0,1,1,1,1,0,1,0,0,1,1,0,1,1,0,1,0,0,1,0,1,0,False
626,1,1,1,1,1,0,1,0,0,0,0,1,1,0,1,1,1,0,1,1,0,1,1,0,0,1,1,0,1,1,0,1,1,1,1,False
627,1,1,1,0,0,0,0,0,0,1,1,1,1,0,0,1,1,1,0,1,1,1,0,0,0,1,0,1,1,1,0,1,0,1,1,False
628,1,1,0,0,0,1,0,0,0,1,0,0,0,0,1,1,1,1,0,1,1,1,1,1,0,1,1,1,0,0,0,1,0,0,1,False
629,1,1,0,1,1,0,1,1,0,0,0,1,1,1,1,1,0,1,1,0,1,0,1,0,1,1,0,0,1,0,0,1,0,1,0,False
630,1,1,1,1,0,1,1,0,0,1,1,0,0,0,0,0,1,1,0,0,1,0,0,1,0,1,0,0,0,1,1,1,1,0,0,False
631,1,1,0,1,0,0,1,0,0,0,1,0,1,0,0,0,0,1,1,0,0,1,0,1,1,1,0,0,1,0,1,0,1,1,1,False
632,1,1,1,0,0,0,1,1,1,1,0,1,0,0,0,0,1,1,0,1,0,1,0,0,0,1,0,0,0,0,1,1,0,0,1,False
633,1,1,1,1,1,0,1,0,1,1,1,1,0,1,1,1,0,1,0,1,1,0,0,0,1,0,1,1,0,0,0,0,1,1,0,False
634,1,1,1,1,0,1,0,0,1,0,1,0,0,1,0,0,1,0,0,0,0,0,0,0,1,1,0,1,0,0,0,1,0,0,1,False
635,1,1,1,1,1,0,0,1,1,0,1,0,1,1,1,1,1,0,1,1,0,0,1,1,1,0,1,1,0,0,1,1,1,0,1,False
636,1,1,1,1,1,1,0,0,0,0,1,0,1,0,0,0,0,1,0,1,0,1,1,0,1,1,1,1,1,0,0,0,0,1,1,False
637,1,0,0,0,0,1,1,0,0,1,1,0,1,0,1,0,0,1,0,1,1,1,0,0,0,1,0,0,1,0,1,1,0,1,1,False
638,1,1,1,0,0,0,0,1,1,0,1,1,0,1,0,1,0,0,1,0,1,1,0,1,1,1,1,0,0,0,1,1,0,1,1,False
639,1,1,1,0,0,0,1,0,0,1,0,0,0,0,1,1,1,0,0,1,0,0,0,0,0,0,0,1,0,0,0,0,0,0,0,False
640,1,1,1,1,0,1,0,1,0,0,1,0,1,0,0,0,1,1,1,1,1,0,0,1,0,0,0,0,0,0,1,1,1,1,1,False
641,1,0,0,0,0,1,0,0,1,1,1,0,1,0,1,0,1,0,1,0,1,0,0,1,0,1,1,1,1,1,0,0,1,0,0,False
642,1,1,1,0,1,1,1,1,0,0,1,1,1,1,1,1,1,0,0,0,1,1,1,1,0,1,1,0,0,0,0,1,1,0,0,False
643,1,0,0,0,0,0,1,0,0,0,1,0,1,1,0,1,0,0,0,0,1,1,1,1,0,1,0,0,1,0,0,1,1,0,0,False
644,1,0,0,0,1,0,1,0,1,0,0,0,1,1,0,1,1,1,0,0,1,0,1,1,0,0,1,0,0,0,1,1,1,0,0,False
645,1,1,1,0,1,0,0,0,0,0,1,0,0,1,0,1,0,1,0,0,1,1,0,0,0,1,0,1,0,1,0,1,1,0,0,False
646,1,1,1,1,0,0,1,0,0,0,0,1,0,0,0,1,1,0,0,1,1,1,0,0,1,0,0,1,0,1,1,0,0,0,1,False
647,1,1,1,1,1,1,1,1,1,1,1,1,1,1,1,1,1,1,1,1,1,0,0,0,1,0,1,1,0,1,0,1,1,1,1,False
648,1,0,1,0,0,1,1,1,1,1,0,1,0,1,0,1,0,0,1,0,1,0,1,0,1,1,1,1,1,1,0,0,0,0,0,False
649,1,1,1,1,0,1,1,1,1,0,0,0,1,0,1,1,1,0,1,0,1,1,0,0,1,1,1,1,1,0,0,0,1,1,1,False
650,1,1,1,1,1,1,1,1,1,0,1,1,0,1,0,0,0,0,0,0,1,0,1,0,1,0,1,0,1,1,0,1,0,1,1,False
651,1,1,0,1,0,1,1,0,1,1,0,1,1,1,0,1,1,1,0,1,0,1,0,1,1,0,1,1,1,0,1,0,1,0,1,False
652,1,0,1,0,0,0,1,1,1,0,0,1,1,1,0,1,1,1,0,0,0,0,0,1,0,1,1,1,0,1,1,0,1,0,0,False
653,1,1,1,1,0,0,1,1,0,1,0,0,1,0,1,0,1,0,0,1,0,0,0,0,0,1,0,1,0,1,1,0,0,0,1,False
654,1,0,0,1,0,1,0,1,0,0,0,0,0,1,0,0,1,0,0,1,1,1,1,1,0,1,1,1,1,1,0,1,0,0,0,False
655,1,0,1,1,1,0,0,1,0,1,1,0,0,0,0,1,0,0,1,0,0,0,1,1,1,0,1,0,1,1,1,0,0,0,1,False
656,1,1,1,0,0,0,1,0,1,0,0,1,1,1,1,0,1,0,1,1,1,0,1,1,1,0,1,1,1,0,0,1,1,1,0,False
657,1,1,0,1,0,0,1,1,0,0,0,0,0,0,0,1,1,1,0,1,1,0,0,0,0,1,0,1,0,1,1,1,0,0,1,False
658,1,0,0,0,1,1,1,1,0,1,1,1,0,0,1,1,1,0,0,0,1,1,0,1,1,1,0,1,0,1,1,0,1,0,0,False
659,1,1,1,0,0,1,0,0,0,0,0,0,0,1,0,1,1,1,0,1,1,1,0,0,1,0,1,0,1,1,1,0,1,1,0,False
660,1,1,0,0,1,0,1,1,0,0,0,0,0,0,0,1,0,0,0,1,1,1,1,1,1,1,0,0,0,0,0,0,0,1,1,False
661,1,1,0,1,1,0,0,1,1,0,1,0,1,1,0,0,0,1,0,1,1,0,0,1,1,1,0,0,0,1,0,0,1,1,0,False
662,1,1,1,1,0,1,0,0,0,0,0,1,1,0,0,1,1,0,1,0,0,0,0,0,1,0,0,1,0,0,0,1,1,1,0,False
663,1,1,1,1,0,1,1,1,0,0,0,1,1,0,0,0,1,0,1,1,0,0,0,0,1,1,0,0,0,1,1,0,1,1,0,False
664,1,0,0,1,1,1,0,0,0,1,0,1,1,1,1,0,0,0,1,1,1,1,1,0,1,0,0,0,1,1,1,0,1,1,0,False
665,1,1,1,1,1,1,0,0,0,0,0,1,0,0,1,0,0,0,0,0,0,1,0,0,0,0,1,0,1,0,0,0,0,1,1,False
666,1,0,0,1,1,0,0,1,0,0,0,0,0,0,0,0,1,1,0,1,0,0,1,1,0,1,0,1,0,0,1,1,0,1,0,False
667,1,0,0,1,1,0,0,0,0,0,0,1,1,0,0,1,1,1,1,1,1,0,0,1,1,1,1,1,1,0,0,0,0,1,1,False
668,1,1,1,0,1,0,1,0,1,0,1,1,0,1,0,0,0,0,1,0,1,1,1,1,1,1,1,0,1,1,1,1,0,0,0,False
669,1,1,1,1,1,1,0,1,1,0,1,0,0,1,0,1,1,0,1,1,1,0,0,1,1,0,0,1,1,0,1,0,1,1,1,False
670,1,1,1,1,1,0,0,0,0,1,0,1,1,1,0,0,0,0,0,1,0,1,0,1,1,1,0,1,0,1,0,1,1,1,1,False
671,1,0,0,1,0,1,1,1,0,1,1,1,0,1,1,1,1,0,1,1,1,1,0,1,1,0,1,1,1,0,0,0,0,0,1,False
672,1,1,0,0,1,0,1,1,1,0,1,1,0,0,1,1,1,1,0,1,0,1,1,1,0,0,1,0,1,0,0,0,1,1,1,False
673,1,1,1,0,0,1,1,0,1,0,1,1,0,1,1,1,1,1,0,0,0,0,0,0,1,0,1,0,1,1,1,0,0,0,1,False
674,1,1,1,1,0,0,1,0,0,0,1,0,1,1,1,1,0,0,1,0,1,1,1,0,0,0,0,1,1,0,0,1,0,1,1,False
675,1,1,0,0,1,0,0,0,1,1,0,0,0,0,0,0,1,1,1,1,0,1,1,0,0,0,0,0,0,1,0,0,0,1,1,False
676,1,1,1,1,0,1,0,0,1,0,1,0,0,1,0,0,1,0,1,0,0,1,1,0,0,1,1,0,0,1,0,1,1,0,0,False
677,1,1,0,1,0,1,1,0,0,0,0,1,0,1,0,0,0,1,0,1,1,1,1,0,1,0,0,0,0,1,1,1,0,1,0,False
678,1,1,1,0,1,1,1,1,1,0,1,1,1,1,1,1,1,1,0,1,0,1,0,0,0,1,0,0,1,0,0,0,1,0,1,False
679,1,1,1,1,0,0,1,1,0,1,0,1,1,0,1,0,1,0,0,0,0,0,0,0,0,0,1,0,0,1,1,0,1,1,1,False
680,1,1,1,1,1,0,0,1,1,1,1,1,0,0,1,0,0,1,0,1,1,0,1,0,0,1,1,1,1,0,1,0,0,1,1,False
681,1,1,1,0,1,1,1,1,0,0,1,0,0,0,0,1,1,0,1,0,1,0,0,1,0,0,0,0,0,0,0,1,1,1,1,False
682,1,1,0,0,1,0,1,1,0,1,0,0,0,1,1,0,0,0,1,1,0,1,1,1,0,0,1,0,1,1,1,0,1,0,0,False
683,1,1,1,1,1,1,1,0,1,0,1,1,1,0,1,1,1,0,0,1,0,1,1,0,0,0,1,1,0,0,1,1,1,1,1,False
684,1,1,1,1,1,0,0,0,0,0,0,0,0,1,0,0,0,1,0,1,0,1,1,1,0,1,0,0,0,0,0,0,0,0,1,False
685,1,0,1,1,0,1,0,1,1,0,1,1,0,0,1,0,1,1,1,1,1,0,1,1,1,0,1,0,0,0,0,0,0,0,1,False
686,1,0,0,1,0,0,0,0,1,1,0,1,0,1,0,1,0,1,1,1,0,1,0,0,1,1,0,0,0,0,0,1,0,0,1,False
687,1,1,1,0,0,1,0,1,0,0,0,0,0,0,1,0,0,0,1,0,1,0,0,0,1,1,0,1,0,1,0,1,1,0,1,False
688,1,1,1,1,1,1,0,1,0,0,0,1,1,0,1,0,0,0,1,0,0,1,0,1,0,1,1,0,0,0,1,0,1,0,0,False
689,1,0,0,1,1,1,1,0,0,1,0,1,0,1,0,0,1,1,0,0,0,0,0,1,0,0,1,0,1,0,0,1,1,0,1,False
690,1,1,1,0,1,1,1,0,1,1,1,0,1,1,0,1,1,1,0,0,0,1,1,0,0,0,0,0,0,0,0,1,1,0,1,False
691,1,1,1,1,1,1,0,0,0,1,0,1,0,0,0,0,1,0,1,0,0,0,1,1,1,1,0,1,1,1,1,0,0,1,0,False
692,1,1,0,0,1,0,0,1,0,1,1,0,0,1,1,1,0,0,0,0,0,1,0,0,0,1,0,1,1,1,1,1,0,1,1,False
693,1,1,1,1,0,1,1,0,0,0,0,0,0,0,1,0,0,0,1,0,0,0,1,0,0,1,1,1,0,1,1,1,1,0,0,False
694,1,1,1,1,1,1,0,0,1,0,1,0,1,1,1,0,1,1,1,1,1,1,1,0,1,0,1,0,1,0,0,1,0,1,1,False
695,1,1,1,1,1,0,0,1,0,0,0,1,1,1,0,0,1,1,0,1,0,1,0,1,1,1,1,0,1,0,1,1,0,0,1,False
696,1,1,1,1,1,0,0,1,1,1,0,1,0,1,0,0,1,0,0,1,0,0,1,1,1,1,1,0,1,1,0,0,0,0,1,False
697,1,1,1,1,1,0,1,0,0,1,1,1,0,0,0,0,0,0,0,0,0,0,0,1,0,1,0,1,0,0,0,1,0,0,0,False
698,1,1,1,0,1,1,1,0,1,0,1,1,0,1,0,0,1,1,0,0,0,0,0,0,0,0,1,0,1,1,1,0,0,1,1,False
699,1,0,1,0,1,1,1,1,0,0,1,0,1,0,1,1,0,1,1,0,1,0,0,0,1,1,0,1,0,1,0,1,1,0,1,False
700,1,0,1,1,0,0,0,1,1,1,0,1,1,1,0,1,1,1,1,1,1,0,1,1,0,1,1,0,1,0,0,0,1,1,1,False
701,1,1,1,1,1,0,1,1,1,0,1,1,1,1,0,0,0,1,1,0,0,1,0,0,0,0,1,1,1,0,0,1,0,1,1,False
702,1,1,1,1,1,1,0,1,1,0,0,0,0,1,1,0,1,0,0,0,0,1,1,1,0,1,1,1,1,0,1,1,1,0,0,False
703,1,1,1,1,0,0,0,1,1,1,1,1,0,0,0,1,1,1,0,1,0,0,0,0,1,0,1,1,0,0,1,1,0,1,0,False
704,1,1,1,0,1,1,1,1,0,0,1,0,0,0,1,0,0,1,0,1,0,1,0,1,0,0,0,1,1,0,1,1,1,1,0,False
705,1,1,1,1,1,1,0,0,0,0,0,1,0,1,1,1,0,0,1,0,0,0,1,1,1,0,1,0,0,1,0,0,1,0,1,False
706,1,1,1,1,1,0,0,1,1,0,1,0,1,0,0,0,0,0,1,0,0,0,0,1,0,1,1,1,0,0,0,1,1,0,1,False
707,1,1,1,0,0,0,1,1,0,1,0,1,1,0,1,0,1,1,1,0,0,1,0,1,0,0,0,0,1,0,0,1,1,1,1,False
708,1,1,0,0,0,0,0,1,0,1,1,1,0,1,1,1,0,1,1,1,1,1,1,0,0,0,1,0,1,0,1,0,0,0,0,False
709,1,0,0,0,1,1,1,0,1,1,0,0,1,0,0,0,0,0,0,0,0,0,1,0,1,0,1,0,0,0,1,0,0,0,1,False
710,1,1,1,0,1,0,0,0,0,1,1,0,0,0,1,1,1,0,1,1,1,1,1,0,1,1,1,0,1,1,0,0,0,1,0,False
711,1,1,1,1,0,1,1,0,0,1,1,1,0,1,0,1,1,0,1,1,0,0,1,1,0,0,0,0,0,1,0,0,1,1,1,False
712,1,1,1,1,1,0,0,1,1,1,1,1,1,0,1,0,0,0,0,0,0,1,0,0,0,1,1,0,1,1,0,0,1,1,0,False
713,1,0,0,0,1,1,0,1,0,1,1,1,1,0,1,0,0,0,1,1,0,1,0,1,1,0,0,1,1,0,1,0,1,1,1,False
714,1,0,0,0,1,1,1,0,0,0,1,0,1,0,0,0,1,0,1,0,0,0,0,1,0,1,0,0,0,0,0,0,0,0,0,False
715,1,0,0,0,1,1,1,0,1,0,1,1,1,0,1,1,0,0,1,0,0,0,1,0,1,1,0,0,0,0,1,1,1,1,1,False
716,1,1,1,1,1,1,0,1,0,1,0,1,1,1,0,0,1,0,0,1,1,1,1,1,1,0,0,0,1,0,0,1,0,1,1,False
717,1,1,1,1,1,1,0,1,1,1,0,1,1,0,0,1,1,1,1,0,1,1,0,1,1,0,0,1,0,1,1,0,1,0,1,False
718,1,1,1,1,0,0,1,0,1,0,0,0,1,0,1,0,0,0,1,0,0,1,1,1,1,0,0,1,0,1,1,0,0,0,0,False
719,1,0,1,1,1,1,1,1,1,1,1,1,0,0,1,1,1,0,0,0,1,1,1,1,1,0,0,1,0,0,1,0,0,0,0,False
720,1,1,1,0,1,1,1,0,1,1,1,0,1,1,1,1,1,0,0,1,0,1,0,1,0,0,0,1,1,1,1,1,0,1,0,False
721,1,1,1,1,1,1,0,1,1,0,0,0,1,1,0,0,1,0,0,1,0,1,1,0,0,1,0,1,0,0,0,0,0,1,0,False
722,1,0,1,0,1,1,1,0,0,1,0,1,1,1,1,1,0,0,0,0,1,1,1,0,0,0,0,1,1,1,1,1,1,1,0,False
723,1,1,0,1,1,0,0,1,0,0,1,0,0,0,0,0,1,1,0,0,0,1,1,0,1,1,0,0,0,1,1,0,1,0,0,False
724,1,1,1,0,1,0,1,0,1,0,0,1,0,0,0,0,1,0,0,1,1,0,1,1,0,1,0,1,1,1,1,0,1,0,1,False
725,1,1,1,0,1,0,1,1,1,1,0,0,1,1,1,1,0,1,1,1,0,0,0,0,0,0,1,1,1,1,0,0,0,0,1,False
726,1,0,0,0,1,1,1,0,1,1,0,1,1,0,1,0,0,0,1,0,0,0,0,1,1,1,1,1,0,0,1,1,0,0,0,False
727,1,1,1,0,1,1,0,1,0,0,1,1,0,0,0,0,0,0,0,1,0,0,1,1,0,1,0,1,1,0,1,0,1,0,1,False
728,1,1,0,0,0,1,1,1,0,1,0,1,0,0,1,0,0,0,0,1,0,0,1,0,0,1,0,0,1,1,1,0,0,0,1,False
729,1,1,1,0,0,0,1,1,1,0,1,1,0,0,0,1,1,1,0,0,0,1,1,0,1,1,0,0,0,0,0,1,1,0,1,False
730,1,1,0,1,1,0,0,0,0,0,0,1,1,0,1,0,0,1,0,0,0,0,1,0,1,0,0,0,1,0,1,1,0,1,1,False
731,1,1,1,1,1,0,0,1,1,0,0,1,0,0,1,0,0,0,1,0,1,0,1,1,0,0,1,1,1,1,0,0,1,1,1,False
732,1,1,0,0,1,0,0,1,0,1,1,1,1,1,0,1,0,1,1,0,0,1,1,1,1,0,0,1,1,0,0,1,0,0,1,False
733,1,0,1,1,0,1,1,0,1,1,1,0,0,0,0,1,1,1,1,1,0,1,1,0,1,0,0,0,1,0,1,1,0,0,0,False
734,1,1,0,0,1,1,0,1,0,1,1,0,0,1,1,1,1,0,1,0,0,1,1,1,1,0,1,0,0,0,0,1,1,1,0,False
735,1,0,0,0,0,0,1,1,1,1,1,0,1,0,0,0,0,0,1,1,0,0,0,1,1,0,1,1,0,0,1,1,0,1,1,False
736,1,1,0,1,0,0,1,1,1,1,0,1,1,0,1,0,0,1,1,1,1,1,0,1,1,1,0,0,0,1,1,1,0,0,1,False
737,1,1,1,1,1,1,0,0,1,0,0,0,1,1,1,1,0,0,1,1,0,1,1,0,1,0,0,0,1,0,1,1,0,1,0,False
738,1,1,1,1,0,0,0,0,0,0,0,0,1,1,1,0,1,0,1,1,0,0,1,0,1,1,0,1,1,1,0,0,1,1,0,False
739,1,1,0,1,1,1,0,0,1,0,0,0,1,0,1,0,1,0,0,0,0,0,1,0,1,0,1,1,0,0,0,0,0,1,1,False
740,1,0,1,1,0,1,1,1,1,0,0,1,0,0,0,0,0,1,0,0,1,1,0,0,1,1,1,0,1,1,0,0,1,1,1,False
741,1,1,1,1,1,1,1,0,0,0,1,1,1,0,0,0,1,1,1,0,1,0,0,0,1,0,1,1,1,1,0,0,1,1,0,False
742,1,1,1,1,1,0,1,1,0,1,0,1,1,0,0,1,0,0,0,0,0,0,1,0,1,1,1,1,0,1,0,0,1,1,0,False
743,1,0,0,1,1,0,0,1,0,1,0,0,0,1,0,1,0,1,1,0,1,0,1,0,0,0,1,0,0,1,0,0,1,0,1,False
744,1,0,0,1,0,1,1,0,1,0,0,0,1,1,0,1,1,0,0,1,1,0,0,0,1,1,0,0,1,1,0,0,0,0,0,False
745,1,1,1,1,1,1,0,0,1,1,0,1,1,0,0,1,1,1,1,1,1,0,1,1,1,0,0,0,0,0,1,0,0,0,1,False
746,1,1,1,1,1,0,1,0,1,1,1,1,0,0,0,1,1,0,0,1,1,0,0,0,0,1,1,0,1,0,1,1,0,1,1,False
747,1,1,1,1,1,1,1,0,1,1,1,1,0,0,1,0,1,0,0,0,1,0,1,0,0,1,1,1,1,0,1,1,1,1,1,False
748,1,1,1,0,0,1,0,0,1,0,0,0,0,1,0,0,1,0,0,0,1,0,0,1,0,1,0,0,0,0,0,1,0,1,0,False
749,1,1,1,0,1,1,1,0,0,0,0,0,0,1,0,1,0,0,0,0,0,0,0,0,1,1,1,1,0,0,1,1,0,0,0,False
750,1,0,1,0,0,1,1,1,0,0,0,0,1,1,1,0,0,0,0,0,0,1,0,1,0,1,1,1,1,0,1,1,1,0,1,False
751,1,1,1,1,0,1,0,1,1,0,0,1,1,0,1,0,1,1,0,1,1,1,0,0,0,1,0,0,0,0,1,0,0,1,1,False
752,1,0,0,1,1,1,0,0,0,1,0,0,0,0,1,0,0,1,0,0,1,0,0,1,0,1,1,1,0,0,0,0,0,1,0,False
753,1,1,1,1,0,0,0,0,0,1,1,1,1,0,0,1,0,0,0,0,0,1,1,1,1,1,0,1,0,0,0,0,1,0,1,False
754,1,0,1,0,0,1,0,1,0,1,0,0,0,1,1,0,0,1,1,1,1,1,0,1,0,1,1,1,1,0,1,0,1,1,0,False
755,1,1,0,0,1,0,0,0,0,1,0,0,0,0,1,1,0,1,0,0,1,0,0,1,0,0,0,1,0,1,1,1,0,1,0,False
756,1,1,1,1,0,1,1,1,1,1,0,1,1,1,0,0,0,1,0,0,1,0,1,0,0,1,1,1,1,1,1,0,1,0,0,False
757,1,1,1,1,0,1,1,0,1,1,0,1,0,1,1,1,0,1,1,0,0,0,1,0,0,0,0,1,0,0,1,1,1,0,0,False
758,1,1,0,1,0,1,0,0,0,0,1,0,0,1,1,1,1,1,0,0,1,0,1,0,1,0,1,1,1,1,0,1,0,1,1,False
759,1,1,0,1,0,0,0,0,0,1,0,1,0,0,0,1,0,1,0,1,0,0,0,1,0,0,1,1,0,1,0,1,0,0,0,False
760,1,1,1,1,0,0,1,0,0,1,1,1,0,0,1,0,0,1,1,0,1,0,1,0,1,0,0,0,1,0,0,1,0,0,1,False
761,1,1,1,0,1,0,0,0,0,0,0,0,0,1,0,1,1,0,0,0,1,0,1,1,0,0,1,1,0,0,1,1,0,0,0,False
762,1,0,0,1,0,0,0,0,1,0,0,0,1,0,0,1,0,1,1,0,0,0,0,1,1,1,1,0,0,0,0,1,0,0,0,False
763,1,1,1,1,1,1,0,1,1,0,1,0,0,0,1,0,0,0,0,1,1,1,0,0,1,1,1,1,1,0,1,1,0,1,1,False
764,1,1,1,1,0,1,0,0,0,1,0,0,0,1,1,0,0,1,0,1,1,1,1,0,0,0,1,0,0,1,0,1,1,1,1,False
765,1,1,1,1,1,1,1,1,1,1,0,0,1,0,0,0,0,1,0,0,0,1,1,0,0,0,0,1,1,0,1,1,0,1,0,False
766,1,1,1,1,1,1,0,1,0,0,1,1,0,1,1,1,1,1,1,0,0,0,0,1,0,0,0,1,0,1,1,0,0,1,1,False
767,1,0,1,0,0,1,1,1,0,0,0,1,1,0,0,1,1,0,0,1,1,0,1,0,0,0,0,1,0,0,0,1,1,0,0,False
768,1,0,1,0,0,1,1,0,1,0,1,1,1,0,0,1,0,0,1,1,0,0,1,0,0,1,1,1,0,0,0,1,1,0,0,False
769,1,1,0,0,1,1,1,1,1,1,1,1,1,0,1,1,0,0,1,1,0,1,1,1,1,0,1,1,0,1,0,0,0,0,0,False
770,1,1,1,1,0,0,1,0,1,1,1,1,0,0,1,1,0,0,1,1,0,1,1,0,0,0,1,0,0,0,1,0,0,0,0,False
771,1,0,1,1,0,1,1,0,1,0,0,1,0,0,0,0,0,0,1,1,0,1,0,0,0,1,0,0,1,0,1,1,1,0,0,False
772,1,1,0,0,0,1,1,1,1,0,0,0,1,0,1,0,1,0,0,0,0,0,0,0,1,0,1,1,1,1,0,0,0,1,1,False
773,1,1,0,1,1,0,1,1,0,0,1,0,0,0,0,0,1,1,1,0,1,0,0,1,0,1,0,0,0,0,0,1,1,1,0,False
774,1,1,0,1,0,1,0,1,1,0,0,1,0,1,0,1,0,1,1,0,1,1,1,1,1,0,0,0,1,1,1,1,1,1,1,False
775,1,0,1,1,0,0,1,0,0,1,0,0,0,0,0,0,0,0,0,0,0,0,0,1,0,1,0,0,1,0,0,0,0,1,0,False
776,1,1,1,1,0,0,0,1,0,1,0,0,1,1,0,0,1,0,1,1,0,1,1,0,1,0,0,1,0,1,1,0,0,1,1,False
777,1,1,1,0,0,1,0,0,1,0,1,1,0,1,1,0,1,1,0,0,1,0,1,1,0,1,0,0,1,1,1,0,1,1,0,False
778,1,1,1,0,1,1,1,0,0,0,0,0,1,0,1,1,1,1,1,0,0,1,0,1,0,1,1,0,1,1,1,0,1,0,1,False
779,1,1,0,0,0,1,1,1,0,1,1,1,1,0,0,0,1,1,1,1,1,0,0,0,0,1,1,0,1,0,0,1,1,1,0,False
780,1,1,1,1,0,0,0,0,0,0,0,1,1,1,1,1,1,1,0,1,1,1,1,1,1,1,1,0,1,1,0,1,0,1,0,False
781,1,1,1,1,1,1,1,0,1,1,0,0,0,1,1,0,0,1,1,1,0,1,1,1,0,0,0,1,0,0,1,0,0,0,1,False
782,1,1,1,0,0,0,0,1,1,0,1,0,1,1,0,1,1,1,0,0,0,1,1,0,1,0,0,0,1,0,0,1,1,1,1,False
783,1,1,1,1,1,0,0,1,0,1,1,1,1,1,0,1,1,1,0,0,0,0,1,1,1,0,0,1,0,1,0,1,1,1,0,False
784,1,1,1,0,0,0,0,1,0,0,1,1,0,0,1,0,1,0,1,0,1,1,0,0,0,1,0,1,1,1,0,0,0,0,1,False
785,1,1,1,0,1,0,1,0,0,0,1,0,1,1,1,1,0,0,0,1,0,0,0,1,0,0,1,0,1,1,0,1,1,0,0,False
786,1,1,1,1,1,1,1,1,0,1,1,1,0,1,1,0,1,1,1,1,1,1,0,1,1,1,1,0,0,1,0,0,1,0,1,False
787,1,1,1,0,0,0,1,0,0,1,1,1,1,1,1,0,0,0,1,1,0,0,1,0,1,0,1,1,0,0,0,0,1,1,1,False
788,1,0,0,1,1,0,1,1,1,0,0,0,0,1,0,0,0,1,1,0,0,0,1,1,0,0,0,0,0,1,0,0,0,0,0,False
789,1,0,0,1,0,0,0,1,1,0,0,1,1,1,1,0,1,1,1,0,0,0,1,1,0,1,0,1,0,0,0,0,0,1,0,False
790,1,1,1,1,1,0,0,1,1,0,0,0,0,0,1,1,1,1,1,0,0,0,1,0,0,0,1,0,1,1,0,0,0,0,0,False
791,1,1,1,0,0,0,1,0,1,1,0,1,0,0,1,1,1,1,1,1,0,1,1,1,0,0,1,1,0,1,1,1,0,1,0,False
792,1,1,0,1,1,1,0,1,1,1,0,1,0,1,1,0,1,1,1,0,1,1,1,0,0,0,1,1,0,0,0,1,0,1,1,False
793,1,1,1,1,1,1,0,0,0,1,1,0,1,1,1,1,0,1,0,0,1,0,1,1,1,1,1,0,0,1,0,1,1,1,1,False
794,1,1,0,1,0,0,0,0,0,1,0,0,1,0,1,1,0,0,0,0,0,0,0,0,0,1,0,0,1,1,1,1,1,0,0,False
795,1,0,0,1,0,1,0,1,0,1,1,1,1,0,0,1,1,1,1,1,1,0,0,0,1,1,1,0,0,0,1,1,0,0,1,False
796,1,1,1,1,1,1,1,1,0,0,1,0,0,1,0,1,1,0,1,1,1,0,1,1,0,0,0,0,1,1,0,1,1,1,0,False
797,1,1,1,1,1,1,1,1,0,1,1,0,1,1,0,0,1,0,0,0,0,1,0,0,1,0,0,0,1,1,0,1,0,0,0,False
798,1,0,1,0,0,0,1,1,1,1,1,1,0,0,1,0,1,0,1,0,1,1,1,0,0,0,1,0,0,0,1,0,1,0,0,False
799,1,1,1,0,1,1,1,1,1,0,1,0,0,1,0,1,0,0,0,1,1,1,1,0,1,1,0,0,1,1,1,0,1,0,1,False
800,1,1,1,1,1,0,1,1,0,1,0,1,0,0,0,1,0,1,1,1,1,0,0,0,0,1,0,0,0,0,0,0,0,1,1,False
801,1,1,0,1,0,1,0,1,0,1,1,1,0,0,0,1,1,1,1,0,0,1,1,1,1,0,0,1,1,0,0,1,1,1,0,False
802,1,1,1,0,0,1,1,0,0,0,0,0,1,0,1,0,1,1,1,0,1,1,1,0,0,1,1,0,1,1,0,0,0,0,0,False
803,1,1,1,1,1,0,0,1,0,0,1,0,1,1,1,1,1,0,1,1,1,0,1,1,0,1,1,1,1,1,1,0,0,1,0,False
804,1,1,0,1,0,1,1,1,1,0,1,0,1,1,0,0,1,0,0,1,0,0,0,1,1,0,0,1,0,1,1,1,1,1,1,False
805,1,1,1,1,1,1,0,0,0,1,0,1,0,1,0,1,1,0,0,0,0,0,0,0,0,1,1,0,1,1,1,0,1,0,1,False
806,1,1,1,1,0,0,0,1,1,0,1,1,0,0,1,0,0,0,0,1,1,1,1,1,0,0,0,1,0,1,1,1,1,0,1,False
807,1,0,1,0,0,0,0,0,1,0,0,0,0,1,0,0,1,0,0,1,1,1,1,0,0,0,0,1,1,0,1,0,1,0,1,False
808,1,1,0,1,1,1,0,0,0,1,1,0,1,0,1,1,1,0,1,0,1,1,1,0,0,1,0,1,1,0,1,1,0,1,0,False
809,1,1,0,1,1,0,0,1,1,0,0,1,0,1,0,0,1,1,0,0,0,1,1,1,1,0,1,1,0,0,0,0,1,1,0,False
810,1,1,0,1,0,0,0,1,1,0,1,1,1,0,1,1,0,0,0,0,1,1,1,1,1,1,1,1,1,0,1,0,0,1,0,False
811,1,1,0,0,0,0,1,0,1,1,0,0,0,1,0,0,1,0,1,0,0,1,0,1,0,1,1,1,0,0,0,1,0,0,1,False
812,1,1,1,0,1,1,1,1,0,0,0,1,0,0,1,1,1,1,0,1,0,1,0,1,0,0,1,1,0,0,0,0,0,0,0,False
813,1,1,0,1,1,0,1,0,1,0,1,0,1,1,1,0,0,1,1,1,1,0,1,0,0,1,0,0,0,1,0,1,0,1,1,False
814,1,1,1,1,1,0,1,1,1,1,0,1,1,0,1,1,1,1,1,0,0,1,0,1,1,0,0,1,0,1,0,1,1,1,0,False
815,1,0,0,0,0,0,1,0,1,1,0,0,0,1,0,1,0,1,0,0,0,0,0,0,1,0,0,1,0,1,0,1,1,0,0,False
816,1,1,0,1,1,1,0,1,1,0,1,0,0,1,1,0,1,0,0,0,1,0,1,1,0,1,1,0,1,1,0,1,0,1,0,False
817,1,0,0,1,1,0,1,0,0,1,1,1,1,0,1,0,1,1,1,1,1,1,1,0,0,0,0,1,1,1,0,0,1,1,0,False
818,1,1,0,0,0,1,0,1,1,0,1,1,1,0,0,1,1,1,1,1,0,0,0,0,0,1,0,1,0,1,1,1,1,1,1,False
819,1,1,1,1,1,0,1,0,1,0,0,1,0,1,1,0,1,0,0,1,0,1,0,0,1,0,0,1,0,1,0,0,0,0,0,False
820,1,1,0,0,1,1,0,0,0,1,1,0,1,1,0,1,1,0,1,1,1,0,1,0,0,0,0,0,1,0,0,0,1,1,1,False
821,1,1,1,1,1,0,1,1,1,0,0,0,0,1,1,0,0,1,0,0,0,0,1,1,1,0,0,1,0,0,0,1,1,1,1,False
822,1,0,0,0,0,0,1,0,0,1,0,0,0,0,0,0,0,0,0,1,0,1,0,0,1,0,0,1,1,0,0,1,0,0,0,False
823,1,1,1,1,1,1,0,1,0,1,1,1,0,1,0,0,1,1,1,0,0,1,0,1,0,1,0,1,0,1,0,0,1,1,0,False
824,1,1,0,0,1,1,1,1,0,0,1,0,1,0,0,0,0,0,1,0,1,0,1,0,0,0,1,0,1,0,1,0,1,1,1,False
825,1,1,0,1,1,1,1,0,0,0,1,1,1,0,0,1,0,1,0,1,0,0,0,0,1,0,0,0,0,0,0,0,1,0,1,False
826,1,0,0,0,1,1,0,0,0,0,0,1,0,0,0,0,1,0,1,0,0,0,0,0,0,0,1,0,1,0,1,1,1,1,0,False
827,1,1,1,0,1,0,1,1,1,1,0,0,0,1,1,1,1,1,0,1,0,0,0,1,0,1,1,0,0,1,1,1,1,1,1,False
828,1,1,1,1,1,1,1,1,1,1,1,1,1,0,0,0,1,1,0,0,0,0,0,1,1,0,0,1,0,0,1,0,0,1,1,False
829,1,1,1,0,0,0,0,0,0,0,1,1,0,0,0,0,1,1,1,0,0,0,0,0,0,0,0,1,0,1,1,1,1,0,1,False
830,1,1,1,1,0,1,1,0,1,0,0,0,1,0,0,1,1,0,1,1,1,0,1,0,0,0,1,1,0,1,0,1,0,1,1,False
831,1,0,0,0,1,0,0,0,0,0,0,0,1,0,1,0,1,1,1,1,1,1,0,0,1,1,1,1,0,0,0,0,1,0,1,False
832,1,1,0,1,0,0,0,1,1,1,1,0,1,1,1,0,0,0,0,1,1,0,0,0,1,1,0,0,0,0,0,1,1,1,1,False
833,1,0,0,1,1,0,1,0,0,0,1,1,1,0,0,1,1,0,0,0,0,1,0,1,1,1,1,0,1,0,0,1,1,1,1,False
834,1,1,1,1,1,0,1,1,1,0,1,0,1,0,0,0,1,1,0,0,1,1,1,0,0,0,0,1,1,0,0,1,0,1,1,False
835,1,1,1,0,1,1,1,0,1,0,0,0,0,0,0,0,1,0,1,0,0,0,0,0,0,0,1,1,1,1,0,0,1,0,1,False
836,1,0,1,0,1,0,1,1,1,1,0,1,0,0,1,0,1,0,1,0,0,1,0,0,0,1,0,1,0,1,1,1,0,0,1,False
837,1,0,0,0,0,1,1,1,1,1,0,1,0,1,1,1,0,0,0,1,1,0,1,0,1,0,0,1,0,1,1,1,0,1,1,False
838,1,1,1,0,0,0,0,1,0,1,0,0,1,0,0,0,1,1,0,0,0,0,0,1,1,0,1,0,0,1,1,1,1,1,1,False
839,1,1,1,0,0,1,1,0,0,1,0,1,1,1,1,1,0,1,1,1,1,1,0,1,0,1,1,1,0,1,1,1,0,1,0,False
840,1,1,1,0,1,1,1,0,1,0,1,0,0,1,0,1,1,1,1,0,1,0,1,1,1,0,1,1,0,0,0,1,0,0,0,False
841,1,0,0,0,0,1,0,0,1,0,0,1,0,1,1,1,0,0,1,0,0,1,0,1,0,1,0,0,1,0,0,1,0,0,1,False
842,1,1,1,0,0,0,1,0,1,0,0,0,0,0,1,0,0,1,1,0,1,0,1,1,0,0,0,0,1,1,0,0,0,0,0,False
843,1,0,1,0,1,1,1,1,0,1,0,0,1,0,0,0,1,0,1,1,1,0,1,1,1,1,0,1,0,1,0,0,1,0,1,False
844,1,0,0,0,1,1,1,1,1,1,0,1,1,1,0,1,0,0,0,1,0,1,0,0,1,0,1,1,1,1,1,0,1,0,1,False
845,1,1,1,0,0,0,1,1,0,0,0,1,1,1,0,1,0,1,0,1,1,0,1,1,1,0,1,0,1,0,0,0,1,1,1,False
846,1,1,1,1,1,1,1,1,0,0,0,1,0,0,1,1,0,1,0,0,1,0,1,1,1,1,0,0,1,1,1,1,1,0,0,False
847,1,1,0,1,1,0,0,0,1,0,1,0,0,0,1,1,0,0,0,1,0,0,1,1,0,1,1,1,0,0,1,0,0,1,1,False
848,1,1,1,1,1,0,1,0,0,1,0,1,0,1,1,0,1,0,1,1,0,0,1,0,0,1,0,1,1,1,0,0,0,0,0,False
849,1,1,1,0,0,0,1,1,0,0,0,0,0,1,1,1,0,1,0,1,0,1,0,1,0,0,1,1,1,0,0,0,1,0,0,False
850,1,1,0,0,0,1,0,0,0,1,0,1,1,0,0,0,1,0,0,0,0,1,1,0,1,1,0,1,0,1,1,1,0,0,1,False
851,1,0,1,0,1,1,0,0,0,0,0,1,1,0,1,0,0,0,1,0,0,0,1,1,0,1,0,1,1,0,1,1,0,0,1,False
852,1,0,1,0,1,0,0,1,1,0,1,1,1,0,1,0,0,1,0,0,1,1,1,0,1,0,0,0,0,1,1,0,1,1,0,False
853,1,1,0,1,1,0,0,0,0,0,0,0,1,0,0,0,0,1,1,1,0,0,0,1,1,0,0,0,0,0,0,0,0,1,0,False
854,1,1,0,1,1,1,1,1,0,1,0,0,1,1,1,0,0,1,0,1,1,1,0,1,0,1,1,0,1,0,1,0,1,1,1,False
855,1,1,0,0,1,1,1,1,1,0,1,1,1,1,1,1,0,1,0,1,0,1,1,0,0,0,1,1,0,0,0,1,0,1,1,False
856,1,1,1,1,1,1,1,1,0,1,0,1,1,0,1,0,0,0,1,0,0,0,1,0,1,0,1,1,1,1,0,0,0,1,0,False
857,1,1,1,1,0,1,0,0,1,0,1,1,1,1,1,1,0,0,1,1,1,0,1,0,1,1,1,0,1,1,1,1,0,0,1,False
858,1,0,0,0,1,0,0,0,0,1,1,1,1,1,1,1,1,0,1,0,1,0,0,1,1,0,0,1,0,1,1,0,0,1,1,False
859,1,1,1,0,1,1,1,0,0,0,1,1,0,1,0,1,1,0,1,0,0,0,1,1,0,0,1,0,1,1,0,0,1,1,0,False
860,1,0,0,1,1,0,1,1,1,1,0,0,1,0,1,1,1,1,0,1,1,0,0,1,0,0,1,0,1,1,0,0,1,1,1,False
861,1,1,0,0,1,1,1,1,1,0,1,0,1,0,1,1,0,1,0,0,0,0,0,0,0,0,0,0,1,0,0,0,1,1,1,False
862,1,1,0,0,1,1,1,0,1,1,1,0,1,0,1,0,0,1,0,1,0,1,1,0,1,0,0,0,1,1,0,0,0,1,0,False
863,1,1,1,0,0,0,0,1,1,0,1,1,1,0,0,1,1,1,0,0,0,0,1,1,1,1,1,0,1,1,1,1,1,1,0,False
864,1,1,1,0,0,1,0,0,1,1,0,1,1,1,0,1,1,1,0,1,1,0,1,0,0,0,0,0,1,1,0,0,1,0,1,False
865,1,0,0,0,0,1,0,1,0,1,1,1,1,1,0,1,1,1,0,1,0,0,0,0,1,0,1,1,0,1,1,0,1,0,0,False
866,1,1,1,0,1,1,1,0,1,1,0,1,0,1,1,0,1,0,1,1,0,1,1,0,0,0,1,1,1,1,1,0,0,1,1,False
867,1,1,0,1,0,0,0,0,1,0,0,0,0,1,1,1,1,1,0,1,0,1,0,1,0,0,0,0,1,1,1,0,0,1,1,False
868,1,1,1,1,1,1,1,0,0,1,0,1,0,1,1,0,1,1,0,0,0,0,0,1,0,0,1,1,0,1,1,1,0,0,0,False
869,1,0,0,1,0,1,1,0,0,1,1,0,1,0,1,1,0,1,0,1,1,0,0,1,1,1,1,0,0,0,1,1,1,0,1,False
870,1,0,0,0,1,0,0,0,0,0,0,1,0,0,0,0,0,1,1,0,1,0,1,0,1,0,0,0,1,0,1,1,0,0,0,False
871,1,1,0,1,1,1,1,0,1,1,1,1,1,0,1,1,1,0,0,0,0,0,0,1,1,0,1,0,1,1,1,0,0,1,1,False
872,1,0,0,0,0,1,1,0,1,1,1,1,1,0,1,1,0,1,1,0,0,0,1,1,0,1,0,1,0,1,1,1,0,1,1,False
873,1,1,1,1,0,0,0,1,0,0,1,1,0,0,1,1,0,0,1,1,1,0,1,1,1,1,0,1,1,1,0,0,1,0,1,False
874,1,1,1,1,1,1,1,1,1,1,1,0,1,1,1,1,0,0,0,1,0,1,0,1,1,1,0,1,1,1,1,0,0,0,0,False
875,1,0,0,1,0,0,0,1,0,1,1,0,1,0,0,0,0,1,1,0,1,1,0,0,1,0,1,1,0,1,1,1,1,0,0,False
876,1,0,1,0,0,1,1,1,1,1,0,0,1,1,0,0,1,1,0,1,0,0,0,1,1,0,1,0,0,1,1,0,0,0,1,False
877,1,0,1,0,1,0,0,1,0,1,0,1,0,0,0,1,1,1,1,0,0,0,1,0,1,1,1,0,1,1,0,1,1,0,1,False
878,1,1,1,1,1,1,1,0,0,1,0,0,0,0,0,1,0,0,1,0,0,1,1,0,1,0,0,1,1,1,0,0,1,1,1,False
879,1,1,1,1,1,1,0,0,0,1,0,0,1,1,0,0,0,0,1,1,1,1,1,0,1,1,0,1,1,0,1,0,0,0,0,False
880,1,0,0,0,0,1,0,1,0,1,1,1,1,0,1,0,1,1,0,1,1,1,1,0,0,0,1,0,0,1,1,0,0,0,0,False
881,1,1,1,1,1,1,1,1,0,0,0,0,1,1,1,1,0,0,1,1,0,0,0,1,1,1,0,1,1,0,1,0,0,0,0,False
882,1,0,0,1,0,1,0,1,1,1,1,0,0,1,1,0,1,1,0,1,1,1,0,1,1,1,0,0,1,0,0,1,0,1,0,False
883,1,1,0,1,1,0,1,1,0,1,1,1,0,0,1,0,0,1,0,0,0,1,0,0,1,1,1,0,0,1,0,1,1,0,0,False
884,1,0,0,1,0,1,0,1,1,0,1,0,0,0,0,1,0,0,1,1,1,1,0,0,1,0,0,0,0,1,0,0,0,0,0,False
885,1,0,0,1,0,1,1,1,0,1,1,0,1,0,1,0,1,0,1,0,1,1,1,1,0,1,1,0,1,0,0,0,0,1,0,False
886,1,1,0,0,1,1,0,0,0,1,0,1,0,1,1,1,1,1,1,1,0,0,0,1,1,1,1,1,0,1,0,0,1,1,0,False
887,1,1,0,0,0,1,1,0,0,0,0,1,0,1,0,0,0,0,1,0,1,0,1,1,0,1,0,1,0,1,1,1,1,1,1,False
888,1,0,0,0,0,1,1,0,0,0,0,0,1,1,0,0,0,0,0,1,1,0,1,0,1,1,0,0,1,0,1,1,1,0,1,False
889,1,1,0,1,1,0,1,0,1,0,0,0,1,0,1,1,1,0,1,1,1,1,0,0,1,1,0,0,0,0,1,0,0,0,0,False
890,1,1,0,0,1,0,0,1,0,0,0,0,1,0,0,1,0,1,0,0,1,0,1,0,1,0,1,0,1,1,0,0,1,0,1,False
891,1,1,1,1,0,1,1,1,1,0,1,0,1,1,0,0,1,0,0,0,0,0,0,1,1,1,1,1,1,0,1,1,1,1,0,False
892,1,0,1,0,0,1,1,0,0,0,1,1,0,1,1,1,0,0,1,1,0,1,0,1,1,0,0,0,0,1,1,1,0,1,1,False
893,1,1,1,1,1,1,1,1,0,1,0,0,1,1,0,0,1,1,0,1,1,1,0,0,0,0,0,1,1,1,0,1,1,0,0,False
894,1,1,0,1,1,1,0,1,0,1,1,0,0,0,0,0,1,1,0,0,0,1,0,0,1,1,1,1,1,1,1,1,1,1,0,False
895,1,0,0,1,0,0,0,0,1,0,0,0,1,1,0,1,0,1,0,1,1,1,1,0,0,1,1,1,0,1,1,0,1,1,1,False
896,1,1,1,0,0,0,1,1,0,1,0,0,0,1,1,0,1,0,1,1,1,1,0,1,0,1,0,1,0,0,1,1,1,1,1,False
897,1,0,0,0,0,0,1,0,0,0,1,1,1,0,1,1,1,0,1,0,1,0,0,0,1,1,0,1,1,1,0,1,1,0,1,False
898,1,1,0,0,0,1,1,0,0,0,0,0,1,1,0,1,0,0,0,0,1,0,1,1,1,1,1,1,0,1,1,0,1,1,0,False
899,1,0,1,0,0,1,1,1,1,1,1,1,1,1,0,0,0,1,1,0,1,1,1,0,1,0,0,0,1,0,0,0,0,1,1,False
900,1,1,0,0,0,0,0,1,0,0,0,0,1,1,1,0,1,0,0,0,1,1,1,0,1,0,0,1,0,1,1,0,1,1,1,False
901,1,1,1,1,1,0,1,0,0,0,0,1,1,1,0,0,0,1,1,1,1,1,1,0,0,1,0,1,1,1,0,0,0,1,0,False
902,1,1,1,1,1,1,1,0,0,0,0,1,0,1,1,1,0,0,1,0,0,0,0,0,0,0,1,1,1,1,0,0,1,1,0,False
903,1,1,1,1,1,0,0,0,1,0,0,0,1,0,0,0,0,1,0,0,0,0,1,0,0,0,0,1,1,1,1,0,1,1,1,False
904,1,1,1,1,1,1,0,0,0,1,0,1,0,1,0,1,0,1,0,0,1,1,1,1,1,1,0,1,0,1,1,1,0,1,1,False
905,1,1,0,1,0,0,1,0,1,0,0,1,0,0,0,1,0,1,0,1,0,1,1,1,0,1,0,1,1,0,1,0,1,1,0,False
906,1,1,0,1,1,0,1,0,1,1,1,0,0,1,1,1,0,0,1,0,0,0,1,1,0,1,1,1,1,1,0,1,0,1,1,False
907,1,1,1,1,1,0,1,1,0,0,1,0,1,1,1,0,1,0,0,0,0,0,0,1,1,0,1,0,1,1,0,1,0,1,0,False
908,1,1,1,1,0,1,1,0,1,1,0,0,1,1,1,1,1,1,0,0,0,1,0,0,1,1,1,0,0,1,1,1,1,1,1,False
909,1,1,1,0,1,0,1,0,0,0,1,0,1,0,1,0,0,1,1,0,1,1,1,0,1,0,0,0,1,0,1,1,0,1,1,False
910,1,0,1,0,1,1,0,1,1,0,1,1,1,1,1,1,1,0,1,1,1,1,1,1,0,0,0,1,0,1,1,1,0,0,1,False
911,1,0,1,0,1,1,1,0,0,1,1,1,0,1,0,1,0,0,0,1,1,0,1,1,0,1,1,1,1,1,1,1,0,1,1,False
912,1,1,0,0,0,0,0,1,1,1,0,1,1,0,1,0,1,1,0,1,1,1,1,0,1,1,0,1,1,0,1,0,1,1,1,False
913,1,1,0,0,1,0,0,1,1,0,0,0,1,0,1,1,1,1,1,1,1,1,0,1,0,0,1,0,0,0,0,0,0,0,0,False
914,1,1,1,1,1,0,0,1,1,0,1,1,1,0,0,0,0,0,0,1,0,1,1,0,0,0,0,1,0,0,0,1,0,1,1,False
915,1,0,1,1,0,0,0,1,1,1,1,0,1,0,1,0,0,0,0,1,1,1,1,0,1,1,1,0,0,1,1,1,1,1,1,False
916,1,1,1,1,1,0,0,1,0,1,1,1,0,1,1,1,1,1,0,1,0,0,0,1,1,1,0,0,0,1,1,0,1,1,0,False
917,1,1,1,0,0,1,1,1,0,1,0,0,1,0,1,0,0,0,1,1,1,0,0,0,0,1,0,1,0,1,0,1,1,1,1,False
918,1,1,1,1,1,0,0,1,1,1,1,1,0,0,0,1,1,1,0,0,0,0,1,1,0,0,0,1,0,0,0,1,1,0,0,False
919,1,1,0,0,0,0,1,1,1,0,0,0,0,0,1,0,0,0,1,1,1,1,0,0,0,0,1,0,0,1,0,0,0,0,1,False
920,1,1,1,1,0,0,1,1,0,1,1,1,0,1,1,0,1,1,0,0,0,1,0,1,1,1,1,1,1,1,1,1,0,0,1,False
921,1,0,0,1,0,1,1,1,1,0,0,0,1,0,0,0,1,1,0,0,0,0,1,0,1,0,1,0,0,1,1,0,1,0,0,False
922,1,1,1,0,1,1,1,1,0,0,1,1,1,1,1,1,0,1,1,0,1,1,0,0,1,0,1,0,1,1,1,1,1,0,1,False
923,1,1,1,1,1,1,0,1,1,0,1,0,1,0,1,1,1,0,0,1,0,0,0,1,0,1,0,1,1,1,0,0,1,0,0,False
924,1,1,1,0,1,1,0,1,0,0,1,1,0,1,1,0,0,1,1,0,0,1,0,1,0,0,0,1,0,0,0,0,1,1,0,False
925,1,1,0,0,1,1,0,1,1,0,1,0,1,1,0,0,1,1,0,0,1,0,0,1,1,0,1,1,0,1,1,1,0,1,0,False
926,1,1,1,0,0,0,1,0,1,0,1,0,0,1,1,0,0,0,0,1,0,0,0,0,0,0,0,1,1,1,0,1,1,0,0,False
927,1,1,1,0,0,0,1,0,1,1,0,1,0,1,0,1,0,1,1,1,0,1,1,0,1,0,1,1,1,0,1,1,0,0,0,False
928,1,1,1,1,1,0,0,1,1,1,1,1,0,1,0,1,0,0,0,1,0,0,1,0,0,1,1,0,1,0,0,1,0,1,1,False
929,1,1,0,0,0,1,1,0,1,1,1,1,1,0,1,0,0,0,0,1,0,0,1,0,1,1,1,0,0,0,0,1,1,1,0,False
930,1,1,1,0,0,1,0,0,1,0,0,0,0,1,1,0,1,0,0,0,0,1,1,0,0,1,1,1,1,0,0,0,1,1,0,False
931,1,1,1,1,1,1,1,1,0,0,1,0,1,1,1,0,0,0,1,0,1,1,1,0,0,1,0,1,1,0,0,0,0,0,0,False
932,1,0,1,1,0,1,1,1,1,1,1,1,0,0,0,0,0,1,0,1,1,1,1,1,1,0,0,0,1,0,0,0,1,1,0,False
933,1,1,0,0,1,0,1,0,1,1,1,0,1,1,1,1,0,1,0,1,1,0,0,0,1,1,0,0,1,0,0,0,1,1,1,False
934,1,1,1,0,0,1,1,1,0,0,0,0,0,0,0,1,0,1,1,0,0,1,0,0,1,0,1,1,0,1,0,0,0,1,0,False
935,1,0,1,1,1,0,0,0,1,0,1,1,1,1,0,1,1,1,1,1,0,0,1,1,0,1,1,1,0,0,0,1,0,1,0,False
936,1,1,0,0,0,1,0,1,0,1,0,0,1,1,1,0,1,1,0,0,1,0,1,1,1,1,1,1,0,0,0,0,1,0,0,False
937,1,1,1,1,0,0,0,0,0,0,0,1,1,0,0,1,1,1,1,1,1,0,0,0,0,1,0,0,1,1,1,0,1,0,1,False
938,1,1,1,1,0,0,0,1,0,1,0,1,0,1,0,1,1,0,0,1,1,1,0,0,1,0,0,0,0,0,0,0,1,1,1,False
939,1,1,1,1,1,1,1,0,1,0,0,0,1,1,1,1,0,1,0,0,0,0,0,0,0,1,0,1,0,0,1,1,1,0,1,False
940,1,0,0,1,1,1,1,1,1,1,1,0,1,1,1,1,1,1,0,0,1,0,1,1,1,0,1,1,1,0,1,1,1,1,1,False
941,1,1,1,0,1,0,1,0,1,0,0,0,1,1,0,1,1,0,0,1,0,0,0,1,1,0,1,1,1,1,1,0,1,0,1,False
942,1,1,1,0,1,1,0,1,0,0,1,0,1,0,0,1,1,0,1,1,0,0,0,0,0,0,0,0,1,1,0,0,1,1,1,False
943,1,1,0,0,0,0,0,1,0,0,1,0,1,0,1,0,0,0,0,0,1,1,0,1,0,1,1,0,1,0,0,0,0,1,0,False
944,1,0,0,1,1,0,1,1,1,0,1,0,0,1,0,0,0,1,1,0,0,1,1,1,1,1,0,1,0,0,0,1,0,1,1,False
945,1,1,1,0,0,1,1,1,0,1,0,1,1,1,0,0,1,0,1,0,1,1,0,1,0,0,1,1,1,1,1,0,1,1,0,False
946,1,0,0,0,1,1,0,1,0,1,1,1,1,0,1,1,0,0,0,0,1,1,0,1,0,0,1,1,1,1,0,0,1,0,1,False
947,1,1,1,0,1,0,1,0,0,1,0,0,0,1,0,0,0,0,0,0,1,0,1,0,1,1,0,0,1,0,1,0,1,1,1,False
948,1,0,0,0,1,1,0,1,0,0,1,0,1,1,1,0,1,0,1,1,0,0,1,0,1,0,1,0,0,0,0,1,0,0,0,False
949,1,1,1,1,1,0,1,1,1,0,0,1,1,1,0,0,1,0,1,1,1,0,1,0,0,0,1,1,1,1,1,0,1,1,1,False
950,1,1,1,1,1,1,1,0,0,1,1,1,1,0,1,1,1,1,0,0,0,1,1,1,0,0,0,0,0,1,1,0,1,0,1,False
951,1,1,1,0,0,0,1,0,1,1,0,1,1,1,0,1,0,0,0,0,0,0,0,1,0,0,0,0,0,0,1,0,0,1,0,False
952,1,0,1,1,1,1,1,0,1,1,1,0,0,1,1,0,0,1,1,1,0,1,1,0,0,0,0,0,0,0,1,0,1,1,0,False
953,1,0,1,0,0,0,1,1,1,0,1,0,0,1,0,0,1,0,0,1,0,0,0,1,1,1,1,1,1,1,0,0,0,1,0,False
954,1,1,1,0,1,1,0,0,0,1,0,0,1,0,0,0,1,1,0,1,0,0,1,0,0,1,1,1,1,1,0,1,1,1,1,False
955,1,1,1,1,1,1,1,1,1,1,0,1,1,1,1,0,1,0,0,1,1,1,1,1,0,1,1,1,0,1,1,0,1,0,1,False
956,1,1,1,0,1,0,0,0,1,0,1,1,0,0,0,1,1,0,1,0,1,1,1,1,0,0,0,1,1,0,1,0,0,0,1,False
957,1,1,1,1,1,1,1,1,1,0,0,1,0,0,0,1,0,0,0,0,0,1,1,0,1,1,1,1,0,0,1,1,1,1,0,False
958,1,1,1,1,0,1,0,0,1,1,0,1,0,1,1,1,1,1,0,0,0,1,1,0,0,0,0,1,1,1,0,1,0,0,0,False
959,1,1,1,1,1,0,1,1,0,0,1,0,1,0,1,0,1,1,1,0,1,1,0,0,0,1,0,0,0,1,1,0,1,0,1,False
960,1,1,1,1,1,1,1,1,1,1,0,0,1,0,0,1,0,0,1,0,1,0,1,1,0,0,0,1,0,1,1,0,0,0,1,False
961,1,1,1,1,0,0,0,1,1,1,0,1,1,0,1,0,1,0,1,1,1,1,1,1,0,1,0,1,0,0,0,1,1,0,0,False
962,1,0,1,1,0,1,1,0,0,0,0,0,0,0,0,1,0,1,0,1,0,1,0,1,0,1,1,1,0,1,1,0,0,1,1,False
963,1,1,0,1,0,1,0,0,0,1,0,0,1,1,0,1,1,0,0,0,1,0,0,0,1,1,1,0,0,1,0,1,1,0,0,False
964,1,0,0,1,1,0,0,0,1,0,1,1,0,1,0,1,1,0,1,0,0,0,0,1,1,1,0,0,0,0,1,1,0,0,1,False
965,1,0,0,0,1,1,0,1,1,1,0,1,1,1,1,1,1,0,1,1,0,0,0,0,1,1,0,0,1,1,1,1,0,0,0,False
966,1,1,1,0,1,0,0,1,1,0,0,0,0,1,1,0,1,0,1,0,1,1,0,0,0,0,1,0,1,1,0,1,1,1,0,False
967,1,0,1,1,0,1,1,1,0,0,0,1,0,1,0,1,1,0,0,1,1,1,0,0,0,1,1,1,1,1,0,0,0,0,1,False
968,1,0,0,1,0,0,0,0,0,0,0,0,1,1,0,0,1,1,0,0,0,0,0,0,1,1,1,1,0,0,0,0,0,1,1,False
969,1,1,1,1,1,1,0,1,0,0,0,1,1,0,0,0,1,0,0,1,1,0,0,0,1,1,1,1,1,0,0,0,1,1,0,False
970,1,0,1,0,1,1,1,0,1,1,1,0,0,1,1,0,1,1,1,1,0,0,0,0,1,1,1,1,1,0,1,0,0,0,1,False
971,1,0,0,1,1,1,1,0,0,1,1,1,0,0,1,1,0,0,1,0,1,0,0,0,0,1,0,0,0,0,0,1,0,0,1,False
972,1,1,0,1,0,0,1,1,1,1,0,0,0,1,0,1,0,1,1,0,0,1,0,0,0,1,0,0,0,1,0,1,1,1,0,False
973,1,1,0,0,1,0,1,1,0,1,1,1,1,0,1,1,1,0,1,1,0,1,1,1,0,1,1,0,1,1,1,0,0,0,0,False
974,1,1,1,1,1,1,1,1,0,1,1,1,1,0,1,0,0,0,1,1,1,0,0,1,0,1,1,1,0,1,1,0,1,0,0,False
975,1,1,1,0,0,1,1,1,0,0,1,1,1,0,0,0,0,0,0,1,0,1,1,0,0,1,0,1,1,1,0,0,1,1,0,False
976,1,1,1,0,1,0,1,1,1,0,0,1,1,0,0,0,0,1,1,0,0,0,0,0,1,1,0,1,0,0,0,1,0,1,1,False
977,1,1,1,0,1,1,1,0,0,0,0,1,0,1,0,1,0,1,0,1,1,1,1,0,1,0,0,1,1,1,0,0,1,0,1,False
978,1,1,0,0,1,1,0,1,0,0,0,1,0,1,0,1,1,1,1,0,1,0,0,1,0,1,0,0,1,1,1,1,1,0,0,False
979,1,0,0,1,1,0,1,1,1,0,0,0,0,1,0,0,1,1,1,1,1,0,0,0,0,0,1,1,0,0,1,0,0,0,0,False
980,1,1,0,0,0,1,1,0,0,0,1,0,0,0,1,0,1,0,0,0,1,0,0,1,0,1,1,1,0,0,0,1,1,0,1,False
981,1,1,1,1,0,1,0,0,0,1,1,0,1,0,1,0,1,0,0,1,1,0,1,1,1,0,0,0,0,0,1,1,1,1,0,False
982,1,0,1,0,0,1,0,1,1,1,1,0,0,1,1,1,1,1,1,1,1,1,0,1,0,0,1,1,0,0,1,0,1,1,0,False
983,1,0,1,1,0,0,1,0,1,0,0,0,1,0,0,0,0,0,0,1,1,0,1,0,0,0,0,1,0,0,0,0,0,1,0,False
984,1,1,1,1,1,0,0,0,1,1,1,0,1,0,0,1,0,1,0,0,0,0,1,1,0,0,0,0,1,0,1,0,0,1,1,False
985,1,1,0,0,0,0,0,0,1,0,0,1,1,0,0,0,0,1,0,1,0,0,0,0,1,1,1,1,0,0,1,1,0,1,0,False
986,1,1,0,1,1,1,0,1,0,1,1,1,0,0,1,0,0,1,0,0,1,0,1,0,0,1,0,1,1,0,0,1,1,0,1,False
987,1,1,0,1,1,0,1,0,0,1,0,1,1,0,1,1,0,0,1,0,0,0,0,0,1,1,0,1,1,1,1,0,1,1,0,False
988,1,1,1,1,0,1,1,1,1,1,1,0,0,1,0,0,1,0,1,0,0,0,0,1,1,1,1,1,0,1,1,1,1,1,1,False
989,1,0,1,1,1,1,1,0,1,1,1,0,1,0,1,1,0,0,1,0,0,1,1,1,1,1,0,0,1,0,1,0,1,1,1,False
990,1,1,1,1,1,0,1,1,1,0,1,1,1,1,0,0,0,1,1,0,0,0,1,0,0,0,1,1,1,1,0,0,1,1,0,False
991,1,1,0,1,1,1,0,0,1,0,1,0,0,0,1,0,0,1,1,1,1,1,1,0,0,1,0,0,0,0,1,0,1,0,0,False
992,1,1,1,0,1,1,0,0,1,1,1,0,0,1,1,1,0,0,0,0,0,0,1,1,1,1,1,0,1,1,0,1,0,0,0,False
993,1,1,1,1,0,0,0,0,0,0,0,1,0,1,0,1,1,0,0,0,1,0,1,0,1,0,0,0,1,1,0,1,0,1,0,False
994,1,0,0,0,0,0,1,0,0,1,1,1,0,0,1,1,1,0,0,1,0,1,1,0,1,1,0,1,1,1,1,1,1,0,1,False
995,1,1,1,1,1,1,1,1,0,1,1,1,1,1,1,0,0,1,0,1,0,0,1,0,1,0,1,1,0,0,0,0,1,1,1,False
996,1,0,1,0,0,1,1,0,1,0,1,0,1,1,1,0,1,1,1,0,1,1,1,1,0,1,0,0,0,0,0,0,1,0,1,False
997,1,1,0,0,0,0,0,1,0,0,1,1,0,1,1,0,1,1,0,1,1,0,1,0,1,0,0,1,1,0,1,1,0,0,1,False
998,1,1,0,1,0,1,0,0,1,1,0,0,0,1,0,1,0,0,0,0,0,0,0,0,1,1,0,1,1,0,0,1,0,0,0,False
999,1,1,1,1,1,1,0,1,0,0,0,0,1,1,0,0,0,1,1,0,1,0,1,0,1,0,1,0,1,1,1,0,0,0,0,False
